Instrument,Name,RIC_XMUN,Ticker_XMUN
US0378331005,Apple Inc,AAPL.GTX,APC
US5949181045,Microsoft Corp,MSFT.GTX,MSF
US02079K3059,Alphabet Inc,ABEA.GTX,ABEA
US02079K1079,Alphabet Inc,ABECG.GTX,ABEC
US0231351067,Amazon.com Inc,AMZN.GTX,AMZ
US88160R1014,Tesla Inc,TSLA.GTX,TL0
US0846701086,Berkshire Hathaway Inc,BRKa.GTX,BRH
US0846707026,Berkshire Hathaway Inc,BRKb.GTX,BRYN
US91324P1021,UnitedHealth Group Inc,UNH.GTX,UNH
US4781601046,Johnson & Johnson,JNJ.GTX,JNJ
US92826C8394,Visa Inc,Va.GTX,3V64
US30303M1027,Meta Platforms Inc,FB2A.GTX,FB2A
US30231G1022,Exxon Mobil Corp,XON.GTX,XONA
US9311421039,Walmart Inc,WMT.GTX,WMT
US46625H1005,JPMorgan Chase & Co,JPM.GTX,CMC
US67066G1040,NVIDIA Corp,NVDA.GTX,NVD
US7427181091,Procter & Gamble Co,PG.GTX,PRG
US1667641005,Chevron Corp,CVX.GTX,CHV
US57636Q1040,Mastercard Inc,MA.GTX,M4I
US5324571083,Eli Lilly and Co,LLY.GTX,LLY
US4370761029,Home Depot Inc,HD.GTX,HDI
US0605051046,Bank of America Corp,BAC.GTX,NCB
US1912161007,Coca-Cola Co,KO.GTX,CCC3
US00287Y1091,Abbvie Inc,4AB.GTX,4AB
US7170811035,Pfizer Inc,PFE.GTX,PFE
US7134481081,PepsiCo Inc,PEP.GTX,PEP
US22160K1051,Costco Wholesale Corp,COST.GTX,CTO
US58933Y1055,Merck & Co Inc,MRK.GTX,6MK
US8835561023,Thermo Fisher Scientific Inc,TMO.GTX,TN8
US2358511028,Danaher Corp,DHR.GTX,DAP
US11135F1012,Broadcom Inc,1YD.GTX,1YD
US2546871060,Walt Disney Co,DIS.GTX,WDP
US5801351017,McDonald's Corp,MCD.GTX,MDO
US68389X1054,Oracle Corp,ORCL.GTX,ORC
US0028241000,Abbott Laboratories,ABT.GTX,ABL
US8725901040,T-Mobile US Inc,TM5.GTX,TM5
US17275R1023,Cisco Systems Inc,CSCO.GTX,CIS
US92343V1044,Verizon Communications Inc,VZ.GTX,BAC
US65339F1012,Nextera Energy Inc,FPL.GTX,FP3
US9497461015,Wells Fargo & Co,NOB.GTX,NWT
US6541061031,Nike Inc,NKE.GTX,NKE
US9113121068,United Parcel Service Inc,UPS.GTX,UPAB
US7181721090,Philip Morris International Inc,4I1.GTX,4I1
US8825081040,Texas Instruments Inc,TXN.GTX,TII
US1101221083,Bristol-Myers Squibb Co,BMY.GTX,BRM
US6174464486,Morgan Stanley,MWD.GTX,DWD
US79466L3024,Salesforce Inc,FOO.GTX,FOO
US20030N1019,Comcast Corp,CMCS.GTX,CTP2
US20825C1045,Conocophillips,COP.GTX,YCP
US7475251036,Qualcomm Inc,QCOM.GTX,QCI
US8085131055,Charles Schwab Corp,SCH.GTX,SWG
US00724F1012,Adobe Inc,ADBE.GTX,ADB
US9078181081,Union Pacific Corp,UNP.GTX,UNP
US1266501006,CVS Health Corp,CVS.GTX,CVS
US75513E1010,Raytheon Technologies Corp,5UR.GTX,5UR
US0079031078,Advanced Micro Devices Inc,AMD.GTX,AMD
US0311621009,Amgen Inc,AMGN.GTX,AMG
US4385161066,Honeywell International Inc,HON.GTX,ALD
US5486611073,Lowe's Companies Inc,LOW.GTX,LWE
US4581401001,Intel Corp,INTC.GTX,INL
US00206R1023,AT&T Inc,T.GTX,SOBA
US4612021034,Intuit Inc,INTU.GTX,ITU
US4592001014,International Business Machines Corp,IBM.GTX,IBM
US0367521038,Elevance Health Inc,A58.GTX,A58
US78409V1044,S&P Global Inc,MHP.GTX,MHL
US0258161092,American Express Co,AXP.GTX,AEC1
US5398301094,Lockheed Martin Corp,LMT.GTX,LOM
US38141G1040,Goldman Sachs Group Inc,GS.GTX,GOS
US03027X1000,American Tower Corp,A0T.GTX,A0T
US09260D1072,Blackstone Inc,BBN1.GTX,BBN1
US2441991054,Deere & Co,DE.GTX,DCO
US70450Y1038,PayPal Holdings Inc,2PP.GTX,2PP
US64110L1061,Netflix Inc,NFLO.GTX,NFC
US8552441094,Starbucks Corp,SBUX.GTX,SRB
US0530151036,Automatic Data Processing Inc,AUD.GTX,ADP
US09247X1019,BlackRock Inc,BLK.GTX,BLQA
US1491231015,Caterpillar Inc,CAT1.GTX,CAT1
US1729674242,Citigroup Inc,TRVC.GTX,TRVC
US1255231003,Cigna Corp,CI.GTX,CGN
US0970231058,Boeing Co,BA.GTX,BCO
US5184391044,Estee Lauder Companies Inc,EL.GTX,ELAA
US6092071058,Mondelez International Inc,KFT.GTX,KTF
US81762P1021,ServiceNow Inc,4S0.GTX,4S0
US8425871071,Southern Co,SO.GTX,SOT
US8636671013,Stryker Corp,SYK.GTX,SYK
US74340W1036,Prologis Inc,POJA.GTX,POJN
US26441C2044,Duke Energy Corp,D2MN.GTX,D2MN
US3755581036,Gilead Sciences Inc,GILD.GTX,GIS
US02209S1033,Altria Group Inc,MO.GTX,PHM7
US5717481023,Marsh & McLennan Companies Inc,MMC.GTX,MSN
US0326541051,Analog Devices Inc,ADI.GTX,ANL
US6668071029,Northrop Grumman Corp,NOC.GTX,NTH
US0382221051,Applied Materials Inc,AMAT.GTX,AP2
US75886F1075,Regeneron Pharmaceuticals Inc,REGN.GTX,RGO
US87612E1064,Target Corp,TGT.GTX,DYH
US8725401090,TJX Companies Inc,TJX.GTX,TJX
US0090661010,Airbnb Inc,6Z1.GTX,6Z1
US92532F1003,Vertex Pharmaceuticals Inc,VRTX.GTX,VX1
US09857L1089,Booking Holdings Inc,PCE1.GTX,PCE1
US3696043013,General Electric Co,GCP.GTX,GCP
US7433151039,Progressive Corp,PGR.GTX,PGV
US98978V1035,Zoetis Inc,ZOE.GTX,ZOE
US94106L1098,Waste Management Inc,UW.GTX,UWS
US46120E6023,Intuitive Surgical Inc,ISRGD.GTX,IUI1
US26875P1012,EOG Resources Inc,EOGR.GTX,EO5
US22822V1017,Crown Castle Inc,8CW.GTX,8CW
US0758871091,Becton Dickinson and Co,BDX.GTX,BOX
US25746U1097,Dominion Energy Inc,D.GTX,DOD
US12572Q1058,CME Group Inc,MX4A.GTX,MX4A
US88579Y1010,3M Co,MMM.GTX,MMM
US9029733048,US Bancorp,FSR.GTX,UB5
US6934751057,PNC Financial Services Group Inc,PNC.GTX,PNP
US3377381088,Fiserv Inc,FISV.GTX,FIV
US3695501086,General Dynamics Corp,GD.GTX,GDX
US1941621039,Colgate-Palmolive Co,CL.GTX,CPA
US1264081035,CSX Corp,CSX.GTX,CXR
US4448591028,Humana Inc,HUM.GTX,HUM
US89832Q1094,Truist Financial Corp,BBKG.GTX,BBK
US90353T1007,Uber Technologies Inc,UT8.GTX,UT8
US4523081093,Illinois Tool Works Inc,ITW.GTX,ILT
US00507V1098,Activision Blizzard Inc,ATVI.GTX,AIY
US6745991058,Occidental Petroleum Corp,OXY.GTX,OPC
US8334451098,Snowflake Inc.,5Q5.GTX,5Q5
US40412C1018,HCA Healthcare Inc,HCA.GTX,2BH
US1011371077,Boston Scientific Corp,BSXU.GTX,BSX
US16119P1084,Charter Communications Inc,CQD.GTX,CQD
US29444U7000,Equinix Inc,EQN2.GTX,EQN2
US8243481061,Sherwin-Williams Co,SHW.GTX,SJ3
US5951121038,Micron Technology Inc,MU.GTX,MTE
US37045V1008,General Motors Co,GMC.GTX,8GM
US5128071082,Lam Research Corp,LRCX.GTX,LAR
US7237871071,Pioneer Natural Resources Co,PXD.GTX,PNK
US2566771059,Dollar General Corp,DG.GTX,7DG
US0091581068,Air Products and Chemicals Inc,APD.GTX,AP3
US6558441084,Norfolk Southern Corp,NSC.GTX,NFS
AN8068571086,Schlumberger NV,SLB.GTX,SCL
US74460D1090,Public Storage,PSA.GTX,PUP
US28176E1082,Edwards Lifesciences Corp,EW.GTX,EWL
US49271V1008,Keurig Dr Pepper Inc,DP5.GTX,DP5
US3453708600,Ford Motor Co,F.GTX,FMC1
US45866F1049,Intercontinental Exchange Inc,IC2.GTX,IC2
US8168511090,Sempra Energy,SRE.GTX,SE4
US59156R1086,MetLife Inc,MET.GTX,MWZ
US6974351057,Palo Alto Networks Inc,5AP.GTX,5AP
US0255371017,American Electric Power Company Inc,AEP.GTX,AEP
US58155Q1031,Mckesson Corp,MCK.GTX,MCK
US60770K1079,Moderna Inc,0QF.GTX,0QF
US6153691059,Moody's Corp,MCO.GTX,DUT
US31620M1062,Fidelity National Information Services Inc,FIS.GTX,ZGY
US0394831020,Archer-Daniels-Midland Co,ADM.GTX,ADM
US5719032022,Marriott International Inc,MAR.GTX,MAQ
US8716071076,Synopsys Inc,SNPS.GTX,SYP
US3703341046,General Mills Inc,GIS.GTX,GRM
US56585A1025,Marathon Petroleum Corp,MPN.GTX,MPN
US9285634021,VMware Inc,VMWa.GTX,BZF1
US15135B1017,Centene Corp,QEN.GTX,QEN
US1696561059,Chipotle Mexican Grill Inc,C9F.GTX,C9F
US61174X1090,Monster Beverage Corp,MOB.GTX,MOB
US4278661081,Hershey Co,HSY.GTX,HSY
US4824801009,KLA Corp,KLAC.GTX,KLA
US21036P1084,Constellation Brands Inc,STZ.GTX,CB1A
US1273871087,Cadence Design Systems Inc,CDNS.GTX,CDS
US7607591002,Republic Services Inc,RSGU.GTX,RPU
US2910111044,Emerson Electric Co,EMR.GTX,EMR
US67103H1077,O'Reilly Automotive Inc,ORLY.GTX,OM6
US5024311095,L3harris Technologies Inc,HRS.GTX,HRS
US2788651006,Ecolab Inc,ECL.GTX,ECJ
US0320951017,Amphenol Corp,APH.GTX,XPH
US22052L1044,Corteva Inc,2X0.GTX,2X0
US7043261079,Paychex Inc,PAYX.GTX,PCX
US25179M1036,Devon Energy Corp,DVN.GTX,DY6
US5007541064,Kraft Heinz Co,KHNZ.GTX,KHNZ
US30161N1019,Exelon Corp,EXC.GTX,PEO
US91913Y1001,Valero Energy Corp,V1L.GTX,V1L
US0527691069,Autodesk Inc,ADSK.GTX,AUD
US16411R2085,Cheniere Energy Inc,CHEX.GTX,CHQ1
US29355A1079,Enphase Energy Inc,E0P.GTX,E0P
US0533321024,Autozone Inc,AZO.GTX,AZ5
US1729081059,Cintas Corp,CTAS.GTX,CIT
US4943681035,Kimberly-Clark Corp,KMB.GTX,KMY
US35671D8570,Freeport-McMoRan Inc,FCXb.GTX,FPMB
US31428X1063,FedEx Corp,FDX.GTX,FDX
US0268747849,American International Group Inc,AIG.GTX,AINN
US8718291078,Sysco Corp,SYY.GTX,SYY
US6200763075,Motorola Solutions Inc,MOT.GTX,MTLA
US49456B1017,Kinder Morgan Inc,2KD.GTX,2KD
US98389B1008,Xcel Energy Inc,XEL.GTX,NRN
US48251W1045,KKR & Co Inc,KR51.GTX,KR51
US22788C1053,CrowdStrike Holdings Inc,45C.GTX,45C
US7766961061,Roper Technologies Inc,ROP.GTX,ROP
US34959E1091,Fortinet Inc,FNT.GTX,FO8
US7185461040,Phillips 66,PSX.GTX,R66
US5738741041,Marvell Technology Inc,9MW.GTX,9MW
US98138H1014,Workday Inc,W7D.GTX,W7D
US7561091049,Realty Income Corp,O.GTX,RY6
US9694571004,Williams Companies Inc,WMB.GTX,WMB
US14040H1059,Capital One Financial Corp,COF.GTX,CFX
US0010551028,Aflac Inc,AFL.GTX,AFL
US00846U1016,Agilent Technologies Inc,A.GTX,AG8
US89417E1091,Travelers Companies Inc,TRVN.GTX,PA9
US3635761097,Arthur J. Gallagher & Co.,AJGH.GTX,GAH
US46266C1053,IQVIA Holdings Inc,QTS.GTX,QTS
US42809H1077,Hess Corp,HES.GTX,AHC
US5950171042,Microchip Technology Inc,MCHP.GTX,MCP
US55354G1004,MSCI Inc,MSCI.GTX,3HM
US8522341036,Block Inc,SQ3.GTX,SQ3
US84265V1052,Southern Copper Corp,SCCO.GTX,PCU
US0404131064,Arista Networks Inc,117.GTX,117
US0200021014,Allstate Corp,ALL.GTX,ALS
US43300A2033,Hilton Worldwide Holdings Inc,HI91.GTX,HI91
US0640581007,Bank of New York Mellon Corp,BN9.GTX,BN9
US7443201022,Prudential Financial Inc,PUFCX.GTX,PLL
US1156371007,Brown-Forman Corp,BF5A.GTX,BF5A
US1156372096,Brown-Forman Corp,BFb.GTX,BF5B
US2091151041,Consolidated Edison Inc,ED.GTX,EDC
US6516391066,Newmont Corporation,NMMG.GTX,NMM
US37940X1028,Global Payments Inc,GPN.GTX,GLO
US0126531013,Albemarle Corp,ALLE.GTX,AMC
US7010941042,Parker-Hannifin Corp,PH.GTX,PAR
US2521311074,Dexcom Inc,DXCM.GTX,DC4
US2855121099,Electronic Arts Inc,ERTS.GTX,ERT
US55261F1049,M&T Bank Corp,MTBU.GTX,MTZ
US5010441013,Kroger Co,KR.GTX,KOG
US78410G1040,SBA Communications Corp,4SB.GTX,4SB
US2605571031,Dow Inc,2OY.GTX,2OY
US7445731067,Public Service Enterprise Group Inc,PEG.GTX,PSE
US9884981013,Yum! Brands Inc,YUM.GTX,TGR
US95040Q1040,Welltower Inc,HCW.GTX,HCW
US7611521078,Resmed Inc,RMD.GTX,RME
US2567461080,Dollar Tree Inc,DLTR.GTX,DT3
US90184L1026,Twitter Inc,TWTR.GTX,TWR
US14448C1045,Carrier Global Corp,4PN.GTX,4PN
US92939U1060,WEC Energy Group Inc,WICG.GTX,WIC
US8288061091,Simon Property Group Inc,SIPG.GTX,SQI
US2538681030,Digital Realty Trust Inc,DLR.GTX,FQI
US4523271090,Illumina Inc,ILMN.GTX,ILU
US1924461023,Cognizant Technology Solutions Corp,CTSH.GTX,COZ
US9256521090,VICI Properties Inc,1KN.GTX,1KN
US7782961038,Ross Stores Inc,ROST.GTX,RSO
KYG393871085,Globalfoundries Inc,76J.GTX,76J
US03769M1062,Apollo Global Management Inc,N7I.GTX,N7I
US88339J1051,Trade Desk Inc,TT8.GTX,TT8
US23804L1035,Datadog Inc,3QD.GTX,3QD
US6937181088,Paccar Inc,PCAR.GTX,PAE
US2310211063,Cummins Inc,CUM.GTX,CUM
US9344231041,Warner Bros Discovery Inc,J5A.GTX,J5A
US6821891057,ON Semiconductor Corp,ONNN.GTX,XS4
US09062X1037,Biogen Inc,BIIB.GTX,IDP
US03076C1062,Ameriprise Financial Inc,A4S.GTX,A4S
US22160N1090,CoStar Group Inc,CSGP.GTX,RLG
US49338L1035,Keysight Technologies Inc,1KT.GTX,1KT
US6703461052,Nucor Corp,NUE.GTX,NUO
US9314271084,Walgreens Boots Alliance Inc,W8A.GTX,W8A
US03073E1055,Amerisourcebergen Corp,ABEC.GTX,ABG
US6311031081,Nasdaq Inc,NDAQ.GTX,NAQ
US21037T1097,Constellation Energy Corp,E7S.GTX,E7S
US92345Y1064,Verisk Analytics Inc,VA7A.GTX,VA7A
US45841N1072,Interactive Brokers Group Inc,IBKR.GTX,KY6
US5312294094,Liberty Media Corp,LM03.GTX,LM03
US5312298707,Liberty Media Corp,LM05.GTX,LM05
US68902V1070,Otis Worldwide Corp,4PG.GTX,4PG
US6795801009,Old Dominion Freight Line Inc,ODFL.GTX,ODF
US5178341070,Las Vegas Sands Corp,LVS.GTX,LCR
US0718131099,Baxter International Inc,BAX.GTX,BTL
US45168D1046,IDEXX Laboratories Inc,IDXX.GTX,IX1
US3119001044,Fastenal Co,FAST.GTX,FAS
US0311001004,AMETEK Inc,AME.GTX,AK1
US24703L2025,Dell Technologies Inc,12DA.GTX,12DA
US2547091080,Discover Financial Services,DFS.GTX,DC7
US7739031091,Rockwell Automation Inc,RWL.GTX,RWL
US6935061076,PPG Industries Inc,PPG.GTX,PPQ
US26614N1028,Dupont De Nemours Inc,6D81.GTX,6D81
US0534841012,Avalonbay Communities Inc,AVB.GTX,WV8
US3848021040,WW Grainger Inc,GWW.GTX,GWW
US2193501051,Corning Inc,GLW.GTX,GLW
US0304201033,American Water Works Company Inc,AWK.GTX,AWC
US40434L1052,HP Inc,7HP.GTX,7HP
US6826801036,ONEOK Inc,OKE.GTX,ONK
US5926881054,Mettler-Toledo International Inc,MTD.GTX,MTO
US81181C1045,Seagen Inc,SGTG.GTX,SGT
US9224751084,Veeva Systems Inc,VEE.GTX,VEE
US29476L1070,Equity Residential,EQR.GTX,EQR
US9024941034,Tyson Foods Inc,TSNa.GTX,TF7A
US2172041061,Copart Inc,CPRT.GTX,CO6
US4404521001,Hormel Foods Corp,HRL.GTX,HO7
US4595061015,International Flavors & Fragrances Inc,IFF.GTX,IFF
US2810201077,Edison International,EIX.GTX,EIX
US2120151012,Continental Resources Inc,CLR.GTX,C5L
US8574771031,State Street Corp,STT.GTX,ZYA
US74144T1088,T Rowe Price Group Inc,TROW.GTX,TR1
US4878361082,Kellogg Co,K.GTX,KEL
US23331A1097,D R Horton Inc,DHI.GTX,HO2
US02043Q1076,Alnylam Pharmaceuticals Inc,ALNY.GTX,DUL
GB00BMVP7Y09,Royalty Pharma PLC,RPDG.GTX,RPD
US98980G1022,Zscaler Inc,0ZC.GTX,0ZC
US4062161017,Halliburton Co,HAL.GTX,HAL
US2333311072,DTE Energy Co,DGY.GTX,DGY
US30225T1025,Extra Space Storage Inc,EXRS.GTX,FG8
US3167731005,Fifth Third Bancorp,FITB.GTX,FFH
US05722G1004,Baker Hughes Co,68V.GTX,68V
US12504L1098,CBRE Group Inc,RF6.GTX,RF6
US3379321074,FirstEnergy Corp,FE.GTX,FE7
US0236081024,Ameren Corp,AEE.GTX,AE4
US98956P1021,Zimmer Biomet Holdings Inc,ZMRHV.GTX,ZIM
US7547301090,Raymond James Financial Inc,RJF.GTX,RJF
US0152711091,Alexandria Real Estate Equities Inc,A6W.GTX,A6W
US29364G1031,Entergy Corp,ETR.GTX,ETY
US82968B1035,Sirius XM Holdings Inc,RDO.GTX,RDO
US25278X1090,Diamondback Energy Inc,7DB.GTX,7DB
US1270971039,Coterra Energy Inc,COG.GTX,XCQ
US3666511072,Gartner Inc,GART.GTX,GGRA
US98980L1017,Zoom Video Communications Inc,5ZM.GTX,5ZM
US12514G1085,CDW Corp,CDW.GTX,CDW
US9621661043,Weyerhaeuser Co,WY.GTX,WHC
US34959J1088,Fortive Corp,F03.GTX,F03
US29414B1044,Epam Systems Inc,E3M.GTX,E3M
US25809K1051,DoorDash Inc,DD2G.GTX,DD2
US3724601055,Genuine Parts Co,GPC.GTX,GPT
US2944291051,Equifax Inc,EFX.GTX,EFX
US5260571048,Lennar Corp,LEN.GTX,LNN
US2786421030,eBay Inc,EBAY.GTX,EBA
US9291601097,Vulcan Materials Co,VMC.GTX,VMC
US78486Q1013,SVB Financial Group,SIVB.GTX,SV4
US8923561067,Tractor Supply Co,TRCT.GTX,TR4
US90384S3031,Ulta Beauty Inc,ULTA.GTX,34U
US69351T1060,PPL Corp,PPL.GTX,PP9
US5797802064,McCormick & Company Inc,MCCRn.GTX,MCX
US5797801074,McCormick & Company Inc,MCX0.GTX,MCX0
US70432V1026,Paycom Software Inc,0PY.GTX,0PY
US5732841060,Martin Marietta Materials Inc,MLMT.GTX,MMX
US03662Q1058,ANSYS Inc,ANSS.GTX,AKX
US7591EP1005,Regions Financial Corp,RF.GTX,RN7
US4165151048,Hartford Financial Services Group Inc,HIG.GTX,HFF
US1252691001,CF Industries Holdings Inc,CF.GTX,C4F
US8447411088,Southwest Airlines Co,LUV.GTX,SWN
US18915M1071,Cloudflare Inc,8CF.GTX,8CF
US2473617023,Delta Air Lines Inc,DEL.GTX,OYC
US2644115055,Duke Realty Corp,DRE.GTX,DUR
US9113631090,United Rentals Inc,URI.GTX,UR3
US4461501045,Huntington Bancshares Inc,HBAN.GTX,HU3
US8740541094,Take-Two Interactive Software Inc,TTWO.GTX,TKE
US74762E1029,Quanta Services Inc,PWR.GTX,QAA
US60855R1005,Molina Healthcare Inc,MHC.GTX,MHG
US1258961002,CMS Energy Corp,CMSE.GTX,CSG
US9553061055,West Pharmaceutical Services Inc,WST.GTX,WPS
US6658591044,Northern Trust Corp,NTRS.GTX,NT4
US92343E1029,Verisign Inc,VRSN.GTX,VRS
US74251V1026,Principal Financial Group Inc,PFGF.GTX,PG4
US6098391054,Monolithic Power Systems Inc,MPWR.GTX,NQG
US05351W1036,Avangrid Inc,12A.GTX,12A
US11133T1034,Broadridge Financial Solutions Inc,BR.GTX,5B9
US5380341090,Live Nation Entertainment Inc,LYV.GTX,3LN
US45687V1061,Ingersoll Rand Inc,5GD.GTX,5GD
US61945C1036,Mosaic Co,02M.GTX,02M
US14149Y1082,Cardinal Health Inc,CAH.GTX,CLH
US59522J1034,Mid-America Apartment Communities Inc,M2K.GTX,M2K
US92276F1003,Ventas Inc,VTR.GTX,VEN
US1713401024,Church & Dwight Co Inc,CHD.GTX,CXU
US4228061093,HEICO Corp,HEI.GTX,HC1
US8666741041,Sun Communities Inc,SUI.GTX,SCZ
US83304A1060,Snap Inc,1SI.GTX,1SI
US0162551016,Align Technology Inc,ALGN.GTX,AFW
US2600031080,Dover Corp,DOV.GTX,DOV
US1890541097,Clorox Co,CLX.GTX,CXX
US7757111049,Rollins Inc,RLS.GTX,RLS
US35137L1052,Fox Corp,FO5.GTX,FO5
US35137L2043,Fox Corp,FO5B.GTX,FO5B
US45784P1012,Insulet Corp,PODD.GTX,GOV
US8793601050,Teledyne Technologies Inc,TDY.GTX,TYZ
US0844231029,W R Berkley Corp,WRB.GTX,WR1
US4456581077,J B Hunt Transport Services Inc,JBHT.GTX,JB1
US5658491064,Marathon Oil Corp,MRO.GTX,USS
US1152361010,Brown & Brown Inc,BRO.GTX,BTW
US00130H1059,AES Corp,AES.GTX,AES
US0584981064,Ball Corp,BLL.GTX,BL8
US98419M1009,Xylem Inc,XY6.GTX,XY6
US9418481035,Waters Corp,WAT.GTX,WAZ
US26884L1098,EQT Corp,EQT.GTX,EQ6
US92936U1097,WP Carey Inc,WPY.GTX,WPY
US2058871029,Conagra Brands Inc,CAG.GTX,CAO
US3030751057,Factset Research Systems Inc,FDS.GTX,FA1
US42824C1099,Hewlett Packard Enterprise Co,2HP.GTX,2HP
US2971781057,Essex Property Trust Inc,ESS.GTX,EXP
US2371941053,Darden Restaurants Inc,DRI.GTX,DDN
US4932671088,KeyCorp,KEY.GTX,KEY
US7140461093,PerkinElmer Inc,PKI.GTX,PKN
US69608A1088,Palantir Technologies Inc,PTXG.GTX,PTX
US09061G1013,Biomarin Pharmaceutical Inc,BMRN.GTX,BM8
US9297401088,Westinghouse Air Brake Technologies Corp,WAB.GTX,WB2
US0495601058,Atmos Energy Corp,ATO.GTX,AEO
US0865161014,Best Buy Co Inc,BBY.GTX,BUY
US4364401012,Hologic Inc,HOLX.GTX,HO1
US83088M1027,Skyworks Solutions Inc,SWKS.GTX,AWM
US30212P3038,Expedia Group Inc,E3X1.GTX,E3X1
US45167R1041,IDEX Corp,IEXC.GTX,ID7
US5705351048,Markel Corp,MKL.GTX,MKV
US19260Q1076,Coinbase Global Inc,1QZ.GTX,1QZ
US87612G1013,Targa Resources Corp,TRGP.GTX,TAR
US30034W1062,Evergy Inc,3E7.GTX,3.00E+07
US1720621010,Cincinnati Financial Corp,CINF.GTX,CCJ
US8326964058,J M Smucker Co,SJM.GTX,JM2
US1488061029,Catalent Inc,0C8.GTX,0C8
US9778521024,Wolfspeed Inc,CR6A.GTX,CR6A
US45337C1027,Incyte Corp,INCY.GTX,ICY
US46982L1089,Jacobs Solutions Inc,JEC.GTX,JEG
US72919P2020,Plug Power Inc,PLUN.GTX,PLUN
US9892071054,Zebra Technologies Corp,ZBRA.GTX,ZT1A
US87165B1035,Synchrony Financial,SYFG.GTX,SFE
US1423391002,Carlisle Companies Inc,CSLE.GTX,CLE
US9022521051,Tyler Technologies Inc,TYL.GTX,TYP
US1344291091,Campbell Soup Co,CPB.GTX,CSC
US46284V1017,Iron Mountain Inc,I5M.GTX,I5M
US3021301094,Expeditors International of Washington Inc,EXPD.GTX,EW1
US0900431000,Bill.com Holdings Inc,0M5.GTX,0M5
US3364331070,First Solar Inc,FSLR.GTX,F3A
US9182041080,VF Corp,VFC.GTX,VFP
US60937P1066,MongoDB Inc,526.GTX,526
US05352A1007,Avantor Inc,AVG1.GTX,AVG
US8926721064,Tradeweb Markets Inc,4T0.GTX,4T0
US8962391004,Trimble Inc,TB5.GTX,TB5
US64110D1046,NetApp Inc,NTAP.GTX,NTA
US74834L1008,Quest Diagnostics Inc,DGX.GTX,QDI
US6687711084,NortonLifeLock Inc,SYM1.GTX,SYM
US57667L1070,Match Group Inc,4MGN.GTX,4MGN
US8486371045,Splunk Inc,S0U.GTX,S0U
US0536111091,Avery Dennison Corp,AV3.GTX,AV3
US0130911037,Albertsons Companies Inc,27S.GTX,27S
US92556H1077,Paramount Global,0VVa.GTX,0VV
US92556H2067,Paramount Global,0VVBb.GTX,0VVB
US16679L1098,Chewy Inc,3HH.GTX,3HH
US4432011082,Howmet Aerospace Inc,48Z.GTX,48Z
US70438V1061,Paylocity Holding Corp,0P7.GTX,0P7
US4262811015,Jack Henry & Associates Inc,JKHY.GTX,JHY
US88262P1021,Texas Pacific Land Corp,9WY.GTX,9WY
US2166484020,Cooper Companies Inc,COO.GTX,CP6
US29362U1043,Entegris Inc,GRIS.GTX,ENQ
US4435731009,HubSpot Inc,096.GTX,96
BMG169621056,Bunge Ltd,BU3.GTX,BU3
US8581191009,Steel Dynamics Inc,STLD.GTX,SD5
US5303073051,Liberty Broadband Corp,8L8C.GTX,8L8C
US90138F1021,Twilio Inc,TWHG.GTX,TWH
US00971T1016,Akamai Technologies Inc,AKAM.GTX,AK3
US3024913036,FMC Corp,FMC.GTX,FMQ
US6819191064,Omnicom Group Inc,OMC.GTX,OCN
US5018892084,LKQ Corp,LKQX.GTX,LKQ1
US62944T1051,NVR Inc,NVE.GTX,NVE
US9345502036,Warner Music Group Corp,WA4.GTX,WA4
US78467J1007,SS&C Technologies Holdings Inc,WGS.GTX,WGSA
US42250P1030,Healthpeak Properties Inc,HC5.GTX,HC5
US29786A1060,ETSY Inc,3E2.GTX,3.00E+02
US1773761002,Citrix Systems Inc,CTXS.GTX,CTX
US69370C1009,PTC Inc,PMTA.GTX,PMTA
US8832031012,Textron Inc,TXT.GTX,TXT
US1431301027,Carmax Inc,KMX.GTX,XA4
US5529531015,MGM Resorts International,MGM.GTX,MGG
US0905722072,Bio Rad Laboratories Inc,BIOa.GTX,BUWA
US73278L1052,Pool Corp,SP1.GTX,SP1
US5404241086,Loews Corp,LTR.GTX,LTR
US8807701029,Teradyne Inc,TER.GTX,TEY
US3205171057,First Horizon Corp,FT2.GTX,FT2
US0995021062,Booz Allen Hamilton Holding Corp,BAH.GTX,BZ9
US12541W2098,CH Robinson Worldwide Inc,CHRW.GTX,CH1A
US29472R1086,Equity LifeStyle Properties Inc,ELS.GTX,MHV
US03743Q1085,APA Corp (US),2S3.GTX,2S3
US5253271028,Leidos Holdings Inc,S6IA.GTX,S6IA
US6556631025,Nordson Corp,NDSN.GTX,ND1
US12503M1080,Cboe Global Markets Inc,CBOE.GTX,C67
US89400J1079,TransUnion,1TU.GTX,1TU
US4601461035,International Paper Co,IP.GTX,INP
US1651677353,Chesapeake Energy Corp,CS1G.GTX,CS1
US8545021011,Stanley Black & Decker Inc,SWK.GTX,SWF
US49446R1095,Kimco Realty Corp,KIM.GTX,KIC
US69047Q1022,Ovintiv Inc,47Q.GTX,47Q
US1011211018,Boston Properties Inc,BXP.GTX,BO9
US3546131018,Franklin Resources Inc,BEN.GTX,FRK
US44107P1049,Host Hotels & Resorts Inc,HMTa.GTX,HMT
US36467J1088,Gaming and Leisure Properties Inc,2GL.GTX,2GL
US25754A2015,Domino's Pizza Inc,DPZ.GTX,EZV
LR0008862868,Royal Caribbean Cruises Ltd,RCL.GTX,RC8
US29670G1022,Essential Utilities Inc,A2A.GTX,A2A
US2372661015,Darling Ingredients Inc,43D.GTX,43D
US02665T3068,American Homes 4 Rent,A4XA.GTX,A4XA
US9100471096,United Airlines Holdings Inc,UAL1.GTX,UAL1
US09073M1045,Bio-Techne Corp,TE1.GTX,TE1
US65473P1057,NiSource Inc,NI.GTX,NOU
US8330341012,Snap-On Inc,SNA.GTX,SPU
US0036541003,ABIOMED Inc,ABMD.GTX,AIO
US3802371076,GoDaddy Inc,38D.GTX,38D
US7599161095,Repligen Corp,RGEN.GTX,RGN
US3032501047,Fair Isaac Corp,FIC.GTX,FRI
US0171751003,Alleghany Corp,Y.GTX,AGA
US3687361044,Generac Holdings Inc,GNRC.GTX,G84
US7496851038,RPM International Inc,RPM.GTX,RP8
US9604131022,Westlake Corp,WLK.GTX,UEO
US6951561090,Packaging Corp of America,PKG.GTX,PKA
US03674X1063,Antero Resources Corp,7A6.GTX,7A6
US2561631068,DocuSign Inc,DS3G.GTX,DS3
US92556V1061,Viatris Inc,VIA1.GTX,VIA
US4039491000,HF Sinclair Corp,HL80.GTX,HL80
US00790R1041,Advanced Drainage Systems Inc,6DA.GTX,6DA
US9581021055,Western Digital Corp,WDC.GTX,WDC
US29452E1010,Equitable Holdings Inc,AXJG.GTX,AXJ
US5745991068,Masco Corp,MAS.GTX,MSQ
US7595091023,Reliance Steel & Aluminum Co,RS.GTX,RS6
US0259321042,American Financial Group Inc,AFG.GTX,QFI
PA1436583006,Carnival Corp,CCLC.GTX,CVC1
US2283681060,Crown Holdings Inc,CCK.GTX,CWN
US82669G1040,Signature Bank,SBNY.GTX,TQJ
US14316J1088,Carlyle Group Inc,3VU.GTX,3VU
US1508701034,Celanese Corp,DG3.GTX,DG3
US3841091040,Graco Inc,GGG.GTX,GA8
US91332U1016,Unity Software Inc,US3G.GTX,US3
US0357104092,Annaly Capital Management Inc,NLY.GTX,AAY
US09215C1053,Black Knight Inc,BKF1.GTX,BKF
US9426222009,Watsco Inc,WSOa.GTX,WC3
US4606901001,Interpublic Group of Companies Inc,IPG.GTX,IPG
US1261171003,CNA Financial Corp,CNAC.GTX,CNH
US4180561072,Hasbro Inc,HAS.GTX,HAS
US82489T1043,Shockwave Medical Inc,36M.GTX,36M
US05550J1016,BJ's Wholesale Club Holdings Inc,8BJ.GTX,8BJ
US0235861004,Amerco,AUKG.GTX,AUK
US92840M1027,Vistra Corp,0V6.GTX,0V6
US2003401070,Comerica Inc,CMA.GTX,CA3
US37959E1029,Globe Life Inc,TMJ.GTX,TMJ
US64125C1099,Neurocrine Biosciences Inc,NBIX.GTX,NB3
US8793691069,Teleflex Inc,TFX.GTX,TBH
US60871R2094,Molson Coors Beverage Co,NY7.GTX,NY7
GB00BWFY5505,Nielsen Holdings PLC,NHLG.GTX,NHL
US00751Y1064,Advance Auto Parts Inc,AWN.GTX,AWN
US00766T1007,AECOM,E6Z.GTX,E6Z
US6293775085,NRG Energy Inc,NRGE.GTX,NRA
GB0022569080,Amdocs Ltd,DOX.GTX,AOS
US02005N1000,Ally Financial Inc,GMZ.GTX,GMZ
US1598641074,Charles River Laboratories International Inc,CRL.GTX,RV6
US8036071004,Sarepta Therapeutics Inc,AB3A.GTX,AB3A
US53223X1072,Life Storage Inc,SOV.GTX,SOV
US7587501039,Regal Rexnord Corp,RBC.GTX,RB8
US98936J1016,Zendesk Inc,0ZD.GTX,0ZD
US8887871080,Toast Inc,71Y.GTX,71Y
US8064071025,Henry Schein Inc,HSIC.GTX,HS2
US65249B1098,News Corp,NC0.GTX,NC0
US65249B2088,News Corp,NC0B.GTX,NC0B
US04010L1035,Ares Capital Corp,ARCC.GTX,9A2
US91307C1027,United Therapeutics Corp,UTHR.GTX,UTH
US6177001095,Morningstar Inc,MORN.GTX,MRS
US08265T2087,Bentley Systems Inc,BS81.GTX,BS81
US8910921084,Toro Co,TO2.GTX,TO2
US4485791028,Hyatt Hotels Corp,H.GTX,1HTA
US4464131063,Huntington Ingalls Industries Inc,HI4.GTX,HI4
US8175651046,Service Corporation International,SCI.GTX,SVC
US2774321002,Eastman Chemical Co,EMN.GTX,EAC
US03852U1060,Aramark,0AK.GTX,0AK
US7458671010,Pultegroup Inc,PHM.GTX,PU7
US77543R1023,Roku Inc,R35.GTX,R35
US6792951054,Okta Inc,0OK.GTX,0OK
US9713781048,Willscot Mobile Mini Holdings Corp,WS11.GTX,WS11
US5128161099,Lamar Advertising Co,6LA.GTX,6LA
US8621211007,STORE Capital Corp,S76.GTX,S76
US15912K1007,Change Healthcare Inc,1CB.GTX,1CB
US12769G1004,Caesars Entertainment Inc,2ER.GTX,2ER
US91879Q1094,Vail Resorts Inc,MTN.GTX,VAI
US12008R1077,Builders FirstSource Inc,B1F.GTX,B1F
US57060D1081,Marketaxess Holdings Inc,MKTX.GTX,MWI
US9699041011,Williams-Sonoma Inc,WSM.GTX,WM1
US8726571016,TPG Inc,B81.GTX,B81
US15677J1088,Ceridian HCM Holding Inc,CQL.GTX,CQL
US5502411037,Lumen Technologies Inc,CYTG.GTX,CYTH
US2435371073,Deckers Outdoor Corp,DECK.GTX,DO2
US7707001027,Robinhood Markets Inc,7KY.GTX,7KY
US74736K1016,Qorvo Inc,2QO.GTX,2QO
US3156161024,F5 Inc,FFIV.GTX,FFV
US42226K1051,Healthcare Realty Trust Inc,HT0.GTX,HT0
US02376R1023,American Airlines Group Inc,A1G.GTX,A1G
US9897011071,Zions Bancorporation NA,ZION.GTX,ZB1
US2533931026,DICK'S Sporting Goods Inc,DKS.GTX,DSG
US87162W1009,TD Synnex Corp,SNX.GTX,SUX
US96145D1054,Westrock Co,1WR.GTX,1WR
US48203R1041,Juniper Networks Inc,JNPR.GTX,JNP
US25470M1099,DISH Network Corp,DISH.GTX,EOT
US7593516047,Reinsurance Group of America Inc,RGA.GTX,RGPB
US0708301041,Bath & Body Works Inc,LTD0.GTX,LTD0
US5627501092,Manhattan Associates Inc,MANH.GTX,MHT
US1220171060,Burlington Stores Inc,BUI.GTX,BUI
US0997241064,Borgwarner Inc,BWA.GTX,BGW
US87105L1044,Switch Inc,821.GTX,821
US05464C1018,Axon Enterprise Inc,TCS.GTX,TCS
US74624M1027,Pure Storage Inc,6PU.GTX,6PU
US77634L1052,R1 RCM Holdco Inc,6HL0.GTX,6HL0
US7234841010,Pinnacle West Capital Corp,PNW.GTX,PWC
US7703231032,Robert Half International Inc,RHI.GTX,RHJ
US23918K1088,DaVita Inc,DVA.GTX,TRL
US36467W1099,GameStop Corp,GMEa.GTX,GS2C
US05338G1067,Avalara Inc,3EK.GTX,3EK
US4663131039,Jabil Inc,JBL.GTX,JBL
US91529Y1064,Unum Group,UNM.GTX,UUM
US8318652091,A O Smith Corp,3SM.GTX,3SM
US04621X1081,Assurant Inc,AIZ.GTX,ZAS
US03831W1080,Applovin Corp,6RV.GTX,6RV
US8454671095,Southwestern Energy Co,SWN.GTX,SW5
US3397501012,Floor & Decor Holdings Inc,1FD.GTX,1FD
US5339001068,Lincoln Electric Holdings Inc,LECO.GTX,LNE
US5747951003,Masimo Corp,MASI.GTX,3M4
US26210C1045,Dropbox Inc,1Q5.GTX,1Q5
US58463J3041,Medical Properties Trust Inc,M3P.GTX,M3P
US9633201069,Whirlpool Corp,WHR.GTX,WHR
US0010841023,AGCO Corp,AGCO.GTX,AGJ
US8760301072,Tapestry Inc,COYG.GTX,COY
US70959W1036,Penske Automotive Group Inc,PAG.GTX,UA9
US98954M2008,Zillow Group Inc,0ZG2.GTX,0ZG2
US75281A1097,Range Resources Corp,RRC.GTX,RAX
US6907421019,Owens Corning,OC.GTX,O5Q
US5218652049,Lear Corp,LEA.GTX,LE6N
US6374171063,National Retail Properties Inc,NNN.GTX,CZ2
US3137451015,Federal Realty Investment Trust,QM1.GTX,QM1
US48020Q1076,Jones Lang LaSalle Inc,JLL.GTX,4J2
US47233W1099,Jefferies Financial Group Inc,LN3.GTX,LN3
US33829M1018,Five Below Inc,6F1.GTX,6F1
US90364P1057,UiPath Inc,9UV.GTX,9UV
US26142V1052,DraftKings Inc,IK1.GTX,IK1
US1924221039,Cognex Corp,CGNX.GTX,CGZ
US9026811052,UGI Corp,UGI.GTX,3U6
US34964C1062,Fortune Brands Home & Security Inc,FBHS.GTX,2FB
US5770811025,Mattel Inc,MAT.GTX,MTT
US1858991011,Cleveland-Cliffs Inc,CVAG.GTX,CVA
US6819361006,Omega Healthcare Investors Inc,OHI.GTX,WX4
US00090Q1031,ADT Inc,541.GTX,541
US65336K1034,Nexstar Media Group Inc,NXST.GTX,NXZ
US03064D1081,Americold Realty Trust Inc,YARG.GTX,YAR
US86771W1053,Sunrun Inc,3S9.GTX,3S9
BMG491BT1088,Invesco Ltd,IVZ.GTX,3IW
US1714841087,Churchill Downs Inc,CHDN.GTX,CHR
US9831341071,Wynn Resorts Ltd,WYNN.GTX,WYR
US00404A1097,Acadia Healthcare Company Inc,7RA.GTX,7RA
US16115Q3083,Chart Industries Inc,GTLS.GTX,I3N
US0537741052,Avis Budget Group Inc,CUCA.GTX,CUCA
US4281031058,Hess Midstream LP,5HMA.GTX,5HMA
US5962781010,Middleby Corp,MIDD.GTX,MBY
US0936711052,H & R Block Inc,HRB.GTX,HRB
US7841171033,SEI Investments Co,SEIC.GTX,SI3
US18539C2044,Clearway Energy Inc,NY41.GTX,NY41
US0138721065,Alcoa Corp,185.GTX,185
US5184151042,Lattice Semiconductor Corp,LSCC.GTX,LTT
US85571B1052,Starwood Property Trust Inc,STWD.GTX,VSP
US88162G1031,Tetra Tech Inc,WATR.GTX,TT6
US25659T1079,Dolby Laboratories Inc,DLBa.GTX,FUO
US03753U1060,Apellis Pharmaceuticals Inc,1JK.GTX,1JK
US9139031002,Universal Health Services Inc,UHS.GTX,UHS
US20717M1036,Confluent Inc,8QR.GTX,8QR
US68622V1061,Organon & Co,7XP.GTX,7XP
US52736R1023,Levi Strauss & Co,LV2B.GTX,LV2B
US81211K1007,Sealed Air Corp,SEE.GTX,SDA
US2220702037,Coty Inc,CO3A.GTX,CO3A
US2772761019,Eastgroup Properties Inc,EGP.GTX,EGO
US6802231042,Old Republic International Corp,ORPI.GTX,ORJ
US24906P1093,DENTSPLY SIRONA Inc,DY2.GTX,DY2
US6806652052,Olin Corp,OLN.GTX,OLN
US48242W1062,KBR Inc,K6B.GTX,K6B
US1271903049,CACI International Inc,CACI.GTX,CA8A
US0383361039,Aptargroup Inc,ATR.GTX,AGT
US42806J7000,Hertz Global Holdings Inc,AZK0.GTX,AZK0
US28414H1032,Elanco Animal Health Inc,5EA.GTX,5EA
US62955J1034,Nov Inc,NO8.GTX,NO8
US9120081099,US Foods Holding Corp,UFH.GTX,UFH
US30063P1057,Exact Sciences Corp,EXAS.GTX,EXK
US5764852050,Matador Resources Co,7MR.GTX,7MR
US4622221004,Ionis Pharmaceuticals Inc,ISI.GTX,ISI
US95082P1057,Wesco International Inc,WCC.GTX,WP7
US7476012015,Qualtrics International Inc,5DX0.GTX,5DX0
US23355L1061,DXC Technology Co,2XT.GTX,2XT
US2576511099,Donaldson Company Inc,DCI.GTX,DNZ
US6512291062,Newell Brands Inc,NWL.GTX,NWL
US67181A1079,Oak Street Health Inc,HE6.GTX,HE6
US96208T1043,WEX Inc,WL9.GTX,WL9
US1844961078,Clean Harbors Inc,CLHB.GTX,CH6
US7512121010,Ralph Lauren Corp,RL.GTX,PRL
US7310681025,Polaris Inc,PL6.GTX,PL6
US5367971034,Lithia Motors Inc,LMO.GTX,LMO
US6361801011,National Fuel Gas Co,NFG.GTX,NFG
GB00BFMBMT84,Sensata Technologies Holding PLC,S94.GTX,S94
US08579W1036,Berry Global Group Inc,BP0.GTX,BP0
US0427351004,Arrow Electronics Inc,ARW.GTX,ARW
BMG667211046,Norwegian Cruise Line Holdings Ltd,1NC.GTX,1NC
US74967X1037,RH,RS1.GTX,RS1
US6081901042,Mohawk Industries Inc,MHK.GTX,MWK
US7802871084,Royal Gold Inc,RGLD.GTX,RG3
US1717793095,Ciena Corp,CIEN.GTX,CIE1
US53814L1089,Livent Corp,8LV.GTX,8LV
US88033G4073,Tenet Healthcare Corp,THC1.GTX,THC1
US3719011096,Gentex Corp,GNTX.GTX,GTX
US8826811098,Texas Roadhouse Inc,TXRH.GTX,ROW
US5763231090,MasTec Inc,MTZ.GTX,MY8
US69327R1014,PDC Energy Inc,PD3.GTX,PD3
US6267171022,Murphy Oil Corp,MUR.GTX,MUQ
US3795772082,Globus Medical Inc,GM0N.GTX,GM0N
US4128221086,Harley-Davidson Inc,HOG.GTX,HAR
US49714P1084,Kinsale Capital Group Inc,KCHG.GTX,KCH
US1468691027,Carvana Co,CV0.GTX,CV0
US76171L1061,Reynolds Consumer Products Inc,3ZT.GTX,3ZT
US45073V1089,ITT Inc,2II.GTX,2II
US00123Q1040,AGNC Investment Corp,4OQ1.GTX,4OQ1
US8354951027,Sonoco Products Co,SON.GTX,SNS
US6742152076,Chord Energy Corp,OS70.GTX,OS70
US98311A1051,Wyndham Hotels & Resorts Inc,2WY.GTX,2WY
US74758T3032,Qualys Inc,3L7A.GTX,3L7A
US46269C1027,Iridium Communications Inc,IRDM.GTX,6IC
US55087P1049,Lyft Inc,LY0.GTX,LY0
US29415F1049,Envista Holdings Corp,0HV.GTX,0HV
US3026352068,FS KKR Capital Corp,FS5A.GTX,FS5A
US8305661055,Skechers USA Inc,SKX.GTX,SKAA
US3383071012,Five9 Inc,1F9.GTX,1F9
US84860W3007,Spirit Realty Capital Inc,21S1.GTX,21S1
US0116591092,Alaska Air Group Inc,ALK.GTX,ALK
US15961R1059,ChargePoint Holdings Inc,7U6.GTX,7U6
US72703H1014,Planet Fitness Inc,3PL.GTX,3PL
US40131M1099,Guardant Health Inc,5GH.GTX,5GH
US4415931009,Houlihan Lokey Inc,2HL.GTX,2HL
US9598021098,Western Union Co,WU.GTX,W3U
US3434981011,Flowers Foods Inc,FLOF.GTX,FWF
US1033041013,Boyd Gaming Corp,BYD.GTX,BO5
US4571871023,Ingredion Inc,CNPC.GTX,CNP
US89055F1030,TopBuild Corp,28T.GTX,28T
US4181001037,HashiCorp Inc,YR8.GTX,YR8
US3029411093,FTI Consulting Inc,FCN.GTX,FCQ
US85254J1025,STAG Industrial Inc,SW6.GTX,SW6
US40637H1095,Halozyme Therapeutics Inc,HALO.GTX,RV7
US6866881021,Ormat Technologies Inc,HNM.GTX,HNM
US19247G1076,Coherent Corp,H7B.GTX,H7B
US06417N1037,Bank Ozk,BO8.GTX,BO8
US1170431092,Brunswick Corp,BWI.GTX,BWI
US30161Q1040,Exelixis Inc,EXEL.GTX,EX9
US57164Y1073,Marriott Vacations Worldwide Corp,M8V.GTX,M8V
US9837931008,XPO Logistics Inc,UX2A.GTX,UX2A
US49427F1084,Kilroy Realty Corp,KRC.GTX,KRC
US5150981018,Landstar System Inc,LSTR.GTX,LDS
US17888H1032,Civitas Resources Inc,B2C.GTX,B2C
US83406F1021,SoFi Technologies Inc,6B0.GTX,6B0
US4577301090,Inspire Medical Systems Inc,2DR.GTX,2DR
US5370081045,Littelfuse Inc,LFUS.GTX,LFS
US44891N2080,IAC Inc,4LRA.GTX,4LRA
US7374461041,Post Holdings Inc,2PO.GTX,2PO
US89531P1057,Trex Company Inc,TWP.GTX,TRR
US40171V1008,Guidewire Software Inc,0GS.GTX,0GS
US2540671011,Dillard's Inc,DDSa.GTX,DL7A
US8086251076,Science Applications International Corp,85S.GTX,85S
US2197981051,Quidelortho Corp,QL1A.GTX,QL1A
US78454L1008,SM Energy Co,MARY.GTX,SJL
US5165441032,Lantheus Holdings Inc,0L8.GTX,0L8
US87166B1026,Syneos Health Inc,8IN.GTX,8IN
US78709Y1055,Saia Inc,SQR.GTX,SQR
US98156Q1085,World Wrestling Entertainment Inc,WWFEa.GTX,WWFA
US82982L1035,SiteOne Landscape Supply Inc,0S0.GTX,0S0
US22266L1061,Coupa Software Inc,2C0.GTX,2C0
US67059N1081,Nutanix Inc,0NU.GTX,0NU
US55024U1097,Lumentum Holdings Inc,LU2.GTX,LU2
US4470111075,Huntsman Corp,HUN.GTX,HTR
US8270481091,Silgan Holdings Inc,SLGN.GTX,SL3
US74164M1080,Primerica Inc,PRI.GTX,PI7
US12740C1036,Cadence Bank,BTO0.GTX,BTO0
US92047W1018,Valvoline Inc,0V4.GTX,0V4
US8894781033,Toll Brothers Inc,TOL.GTX,TLK
US09257W1009,Blackstone Mortgage Trust Inc,079A.GTX,079A
US6501111073,New York Times Co,NYTa.GTX,NYT
US36262G1013,GXO Logistics Inc,93N.GTX,93N
US58506Q1094,Medpace Holdings Inc,01P.GTX,01P
US87901J1051,Tegna Inc,GTTG.GTX,GTT
US4282911084,Hexcel Corp,HXL.GTX,HXL
US69121K1043,Owl Rock Capital Corp,1D6.GTX,1D6
US5246601075,Leggett & Platt Inc,LEG.GTX,LP1
US05605H1005,BWX Technologies Inc,4BW.GTX,4BW
US8962881079,TriNet Group Inc,TN3.GTX,TN3
US9129091081,United States Steel Corp,X.GTX,USX1
US00191U1025,ASGN Inc,OA2.GTX,OA2
US87918A1051,Teladoc Health Inc,4LL.GTX,4LL
US0017441017,AMN Healthcare Services Inc,AHS.GTX,HCQ
US7549071030,Rayonier Inc,RYN.GTX,RA6
US29415B1035,Enviva Inc,XV6.GTX,XV6
US2270461096,Crocs Inc,C7N.GTX,C7N
US8676524064,SunPower Corp,S9P2.GTX,S9P2
US30214U1025,Exponent Inc,EP5.GTX,EP5
US88023U1016,Tempur Sealy International Inc,TPX.GTX,TPD
US37890U1088,Global Blood Therapeutics Inc,G5B.GTX,G5B
US5138471033,Lancaster Colony Corp,LANC.GTX,LC1
US7751331015,Rogers Corp,RG6.GTX,RG6
US90278Q1085,Ufp Industries Inc,UF3.GTX,UF3
US45826J1051,Intellia Therapeutics Inc,38I.GTX,38I
US94419L1017,Wayfair Inc,1WF.GTX,1WF
US2017231034,Commercial Metals Co,CCME.GTX,CMS
US83200N1037,Smartsheet Inc,3SE.GTX,3SE
US55616P1049,Macy's Inc,M.GTX,FDO
US44980X1090,IPG Photonics Corp,IPGP.GTX,IPF
US00165C1045,AMC Entertainment Holdings Inc,AH9.GTX,AH9
US92537N1081,Vertiv Holdings Co,49Va.GTX,49V
US0316521006,Amkor Technology Inc,AMKR.GTX,AMK
US78463M1071,SPS Commerce Inc,SPSC.GTX,S86
US43283X1054,Hilton Grand Vacations Inc,HIEG.GTX,HIE
US02156B1035,Alteryx Inc,3AI.GTX,3AI
US8269191024,Silicon Laboratories Inc,SLAB.GTX,LA5
US1638511089,Chemours Co,2CU.GTX,2CU
US8589121081,Stericycle Inc,SRCL.GTX,SY9
US9027881088,UMB Financial Corp,UMB.GTX,UMB
US1727551004,Cirrus Logic Inc,CRUS.GTX,CRU
US1985161066,Columbia Sportswear Co,COLM.GTX,CUW
US2057683029,Comstock Resources Inc,CX91.GTX,CX91
US30057T1051,Evoqua Water Technologies Corp,E0W.GTX,E0W
US28618M1062,Element Solutions Inc,PLQ.GTX,PLQ
US0937121079,Bloom Energy Corp,1ZBG.GTX,1ZB
US9427491025,Watts Water Technologies Inc,WTSa.GTX,W3W
US4234521015,Helmerich and Payne Inc,HP.GTX,HPC
US68235P1084,ONE Gas Inc,OG9.GTX,OG9
US80874P1093,Light & Wonder Inc,TJW.GTX,TJW
US5528481030,MGIC Investment Corp,MTG.GTX,MGC
US1474481041,Casella Waste Systems Inc,CWST.GTX,WA3
US6460251068,New Jersey Resources Corp,NJR.GTX,NJ1
US5535301064,MSC Industrial Direct Co Inc,98M.GTX,98M
US8385181081,South Jersey Industries Inc,J4S.GTX,J4S
US46116X1019,Intra-Cellular Therapies Inc,23I.GTX,23I
US95058W1009,Wendys Co,TQK.GTX,TQK
US26969P1084,Eagle Materials Inc,E5M.GTX,E5M
US4198701009,Hawaiian Electric Industries Inc,HE.GTX,HWI
US2987361092,Euronet Worldwide Inc,EEFT.GTX,EEF
US87157D1090,Synaptics Inc,SYNT.GTX,SJN
US88025T1025,Tenable Holdings Inc,TE7.GTX,TE7
US76680R2067,RingCentral Inc,3RCA.GTX,3RCA
US64828T2015,Rithm Capital Corp,14N1.GTX,14N1
US09627Y1091,Blueprint Medicines Corp,2L9.GTX,2L9
US68213N1090,Omnicell Inc,OMCL.GTX,OC9
US3580541049,Freshworks Inc,7DF.GTX,7DF
US1005571070,Boston Beer Company Inc,SAM.GTX,BBEA
US45378A1060,Independence Realty Trust Inc,5O2.GTX,5O2
US03820C1053,Applied Industrial Technologies Inc,AITN.GTX,AT4
US60468T1051,Mirati Therapeutics Inc,26M.GTX,26M
US4500561067,iRhythm Technologies Inc,I25.GTX,I25
US25402D1028,DigitalOcean Holdings Inc,0SU.GTX,0SU
US63947X1019,nCino Inc,6NCA.GTX,6NCA
US9741551033,Wingstop Inc,EWGG.GTX,EWG
US8851601018,Thor Industries Inc,THO.GTX,TIV
US0576652004,Balchem Corp,BL9B.GTX,BL9B
US9042141039,Umpqua Holdings Corp,UMPQ.GTX,UMQ
US24790A1016,Denbury Inc,HGJ1.GTX,HGJ1
US1311931042,Topgolf Callaway Brands Corp,CLYG.GTX,CLY
US4050241003,Haemonetics Corp,HAE.GTX,HAZ
US71424F1057,Permian Resources Corp,YZ8.GTX,YZ8
US3535141028,Franklin Electric Co Inc,FELE.GTX,FE4
US5463471053,Louisiana-Pacific Corp,LPX.GTX,LP3
US13100M5094,Calix Inc,CALX.GTX,CXA
US1270551013,Cabot Corp,CBT.GTX,CBT
US01741R1023,ATI Inc,ATDG.GTX,ATD
US64829B1008,New Relic Inc,2NR.GTX,2NR
US8523123052,STAAR Surgical Co,STAA.GTX,SR3
US55405Y1001,MACOM Technology Solutions Holdings Inc,1MAG.GTX,1MA
US78442P1066,SLM Corp,SLM.GTX,SM1
US6350171061,National Beverage Corp,20V.GTX,20V
US09239B1098,Blackline Inc,02B.GTX,02B
US16383L1061,ChemoCentryx Inc,2CX.GTX,2CX
US00912X3026,Air Lease Corp,AVLA.GTX,AVLA
US0213691035,Altair Engineering Inc,8A2.GTX,8A2
US29977A1051,Evercore Inc,EVRN.GTX,QGJ
US7835491082,Ryder System Inc,R.GTX,RYD
US4579852082,Integra Lifesciences Holdings Corp,IART.GTX,IL3
US6811161099,Ollie's Bargain Outlet Holdings Inc,OL6.GTX,OL6
US44930G1076,ICU Medical Inc,ICUI.GTX,IC7
US10316T1043,Box Inc,3BX.GTX,3BX
US69318G1067,PBF Energy Inc,PEN1.GTX,PEN
US55825T1034,Madison Square Garden Sports Corp,MS8.GTX,MS8
US84857L1017,Spire Inc,LGRG.GTX,LGR
US0234361089,Amedisys Inc,AMED.GTX,ADY
US1143401024,Azenta Inc,BA3G.GTX,BA3
US02361E1082,Ameresco Inc,AMRC.GTX,4AM
US0538071038,Avnet Inc,AVT.GTX,VNI
US56418H1005,ManpowerGroup Inc,MAN.GTX,MPW
US8290731053,Simpson Manufacturing Co Inc,SSD.GTX,TWL
US05465P1012,Axonics Inc,0I3.GTX,0I3
US81282V1008,SeaWorld Entertainment Inc,W2L.GTX,W2L
US3448491049,Foot Locker Inc,Z.GTX,WOO
US03783C1009,Appfolio Inc,4P0.GTX,4P0
US9282541013,Virtu Financial Inc,0VF.GTX,0VF
US35138V1026,Fox Factory Holding Corp,FF0.GTX,FF0
US92839U2069,Visteon Corp,VEON.GTX,VS51
US88025U1097,10X Genomics Inc,1KJ.GTX,1KJ
US0078001056,Aerojet Rocketdyne Holdings Inc,GCYG.GTX,GCY
US9043111072,Under Armour Inc,UARM.GTX,U9R
US9043112062,Under Armour Inc,U9RA.GTX,U9RA
US04280A1007,Arrowhead Pharmaceuticals Inc,HDP1.GTX,HDP1
US24823R1059,Denali Therapeutics Inc,4DN.GTX,4DN
US48123V1026,Ziff Davis Inc,JXC1.GTX,JXC1
US6247561029,Mueller Industries Inc,MLI.GTX,MUD
US6936561009,PVH Corp,PVH.GTX,PVH
US34354P1057,Flowserve Corp,FWV.GTX,FWV
US02156K1034,Altice USA Inc,15PA.GTX,15PA
US3825501014,Goodyear Tire & Rubber Co,GT.GTX,GTR
US7376301039,Potlatchdeltic Corp,PCH.GTX,P4C
US3614481030,GATX Corp,GMT.GTX,GAX
US01973R1014,Allison Transmission Holdings Inc,1A7.GTX,1A7
US6833441057,Onto Innovation Inc,NNM.GTX,NNM
US5504241051,Luminar Technologies Inc,9FS.GTX,9FS
US0050981085,Acushnet Holdings Corp,163.GTX,163
US10576N1028,Braze Inc,K43.GTX,K43
US03782L1017,Appian Corp,910.GTX,910
US7502361014,Radian Group Inc,RDN.GTX,RAG
US42704L1044,Herc Holdings Inc,H9B1.GTX,H9B1
US0434361046,Asbury Automotive Group Inc,AWG.GTX,AWG
US3647601083,Gap Inc,GPS.GTX,GAP
US8969452015,Tripadvisor Inc,T6A.GTX,T6A
US5002551043,Kohls Corp,KSS.GTX,KHP
US0116421050,Alarm.com Holdings Inc,3RL.GTX,3RL
US8941641024,Travel + Leisure Co,WD5A.GTX,WD5A
US41068X1000,Hannon Armstrong Sustainable Infrastructure Capital Inc,6HA.GTX,6HA
US78573L1061,Sabra Health Care REIT Inc,SBRA.GTX,SBC
US0625401098,Bank of Hawaii Corp,BOH.GTX,PIV
US88076W1036,Teradata Corp,3T4.GTX,3T4
US3596941068,H.B. Fuller Company,FULL.GTX,HB1
US44267D1072,Howard Hughes Corp,HHE.GTX,HHE
US3563901046,Freedom Holding Corp,DMW2.GTX,DMW2
US8753722037,Tandem Diabetes Care Inc,TD5A.GTX,TD5A
US0298991011,American States Water Co,FDK.GTX,FDK
US26884U1097,EPR Properties,E2H.GTX,E2H
US62482R1077,Mr Cooper Group Inc,07WA.GTX,07WA
US1307881029,California Water Service Group,CWT.GTX,WT5
US9255501051,Viavi Solutions Inc,UNS1.GTX,UNS1
US7045511000,Peabody Energy Corp,PBEG.GTX,PBE
US6556641008,Nordstrom Inc,NOBE.GTX,NRD
US70614W1009,Peloton Interactive Inc,2ON.GTX,2ON
US3789734080,Globalstar Inc,P8S.GTX,P8S
US12653C1080,CNX Resources Corp,CGDG.GTX,CGD
US11135E2037,Broadstone Net Lease Inc,62XA.GTX,62XA
US3976241071,Greif Inc,GBCOa.GTX,GR3
US86745K1043,Sunnova Energy International Inc,7SE.GTX,7SE
US4312841087,Highwoods Properties Inc,HIW.GTX,HQS
GB00BD9G2S12,Gates Industrial Corporation PLC,1JL.GTX,1JL
US1272031071,Cactus Inc,43C.GTX,43C
US62886E1082,NCR Corp,NCRa.GTX,NCR1
US9222801022,Varonis Systems Inc,VS2.GTX,VS2
US45765U1034,Insight Enterprises Inc,NSIT.GTX,IEI
US2545431015,Diodes Inc,DIO.GTX,DDQ
CA7847301032,SSR Mining Inc,ZSV.GTX,ZSV
US85225A1079,Squarespace Inc,8DT.GTX,8DT
US9288811014,Vontier Corp,47O.GTX,47O
US76118Y1047,Resideo Technologies Inc,3RT.GTX,3RT
US05379B1070,Avista Corp,AVA.GTX,AV6
US85208M1027,Sprouts Farmers Market Inc,1FA.GTX,1FA
US22304C1009,Covetrus Inc,2NJ.GTX,2NJ
US29670E1073,Essential Properties Realty Trust Inc,2OU.GTX,2OU
US7005171050,Park Hotels & Resorts Inc,HIPG.GTX,HIP
US03152W1099,Amicus Therapeutics Inc,FOLD.GTX,AM6
US56035L1044,Main Street Capital Corp,13M.GTX,13M
US98585X1046,Yeti Holdings Inc,1YN.GTX,1YN
US4884011002,Kemper Corp,UI2.GTX,UI2
US4778391049,John Bean Technologies Corp,JBTn.GTX,JBT
US7534221046,Rapid7 Inc,R7D.GTX,R7D
US86800U1043,Super Micro Computer Inc,MS5.GTX,MS5
US12662P1084,CVR Energy Inc,FL9.GTX,FL9
US7473161070,Quaker Chemical Corp,KWR.GTX,QUC
US78440X8873,SL Green Realty Corp,GEI1.GTX,GEI
US8101861065,Scotts Miracle-Gro Co,SMG.GTX,SCQA
US74348T1025,Prospect Capital Corp,PSEC.GTX,RK8
US4103451021,HanesBrands Inc,HANB.GTX,HN9
US0491642056,Atlas Air Worldwide Holdings Inc,AAWW.GTX,W8W
US7509171069,Rambus Inc,RMBS.GTX,RMB
US7055731035,Pegasystems Inc,PEGA.GTX,PEA
US4315711089,Hillenbrand Inc,HI.GTX,9HI
US98423F1093,Xometry Inc,0N5.GTX,0N5
US0396531008,Arcosa Inc,EOB.GTX,EOB
US47074L1052,Jamf Holding Corp,JA4.GTX,JA4
US0042251084,ACADIA Pharmaceuticals Inc,DR6.GTX,DR6
US63633D1046,National Health Investors Inc,NHI.GTX,WX6
US1940145022,Enovis Corp,C520.GTX,C520
US0565251081,Badger Meter Inc,33B.GTX,33B
US0774541066,Belden Inc,BDC.GTX,QCTA
US57776J1007,Maxlinear Inc,JMX.GTX,JMX
US04271T1007,Array Technologies Inc,9AY.GTX,9AY
US8010561020,Sanmina Corp,SAYN.GTX,SAYN
US70932M1071,PennyMac Financial Services Inc,1AC1.GTX,1AC
US45781V1017,Innovative Industrial Properties Inc,1IK.GTX,1IK
US6988131024,Papa John's International Inc,PZZA.GTX,PP1
US4660321096,J & J Snack Foods Corp,JJSF.GTX,JJ1
US1280302027,Cal-Maine Foods Inc,CALM.GTX,CM2
US1462291097,Carter's Inc,CRI.GTX,HCH
US34417P1003,Focus Financial Partners Inc,2JE.GTX,2JE
US5006881065,Kosmos Energy Ltd,KOS1.GTX,KOS1
US9282981086,Vishay Intertechnology Inc,VSH.GTX,VHY
US63845R1077,National Vision Holdings Inc,7NV.GTX,7NV
US05478C1053,Azek Company Inc,4N1.GTX,4N1
US8982021060,Trupanion Inc,TPWG.GTX,TPW
US46817M1071,Jackson Financial Inc,8WF.GTX,8WF
US8485741099,Spirit AeroSystems Holdings Inc,SPR.GTX,S9Q
US0009571003,ABM Industries Inc,ABM.GTX,AB4
US92552V1008,Viasat Inc,VSAT.GTX,VS1
US38526M1062,Grand Canyon Education Inc,LOPE.GTX,GKD
US60786M1053,Moelis & Co,17M.GTX,17M
US3024921039,Flywire Corp,9E2.GTX,9.00E+02
US43114Q1058,Highpeak Energy Inc,58R.GTX,58R
US3773221029,Glaukos Corp,6GJ.GTX,6GJ
US5893781089,Mercury Systems Inc,MRCY.GTX,MCY
US85208T1079,Sprinklr Inc,9EI.GTX,9EI
US29275Y1029,EnerSys,ENS.GTX,FDN
US9292361071,WD-40 Co,WDFC.GTX,WD1
US6951271005,Pacira Biosciences Inc,PCRX.GTX,82P
US1630921096,Chegg Inc,0CG.GTX,0CG
US7033951036,Patterson Companies Inc,PDCO.GTX,PD2
US78473E1038,SPX Technologies Inc,SPW0.GTX,SPW0
US9264001028,Victoria's Secret & Co,8FR.GTX,8FR
US9818111026,Worthington Industries Inc,WTHG.GTX,WTH
US04316A1088,Artisan Partners Asset Management Inc,AP0.GTX,AP0
US82837P4081,Silvergate Capital Corp,0XZ.GTX,0XZ
US85859N1028,Stem Inc,5QQ0.GTX,5QQ0
US4771431016,JetBlue Airways Corp,JBLU.GTX,JAW
US92511U1025,Verra Mobility Corp,0YK.GTX,0YK
US33813J1060,Fisker Inc,FISG.GTX,FIS
KYG037AX1015,Ambarella Inc,A8B.GTX,A8B
US35909R1086,Frontier Group Holdings Inc,0VN.GTX,0VN
US9111631035,United Natural Foods Inc,UNFI.GTX,UN3
US8905161076,Tootsie Roll Industries Inc,TZ3.GTX,TZ3
US48666K1097,KB Home,KBH.GTX,KBH
US96209A1043,WeWork Inc,9WE.GTX,9WE
US8485771021,Spirit Airlines Inc,S64.GTX,S64
US09058V1035,BioCryst Pharmaceuticals Inc,BCRX.GTX,BO1
US45780R1014,Installed Building Products Inc,2IL.GTX,2IL
US86881A1007,Surgery Partners Inc,1SP.GTX,1SP
US0389231087,Arbor Realty Trust Inc,ABR.GTX,OWQ
US3138551086,Federal Signal Corp,FSS.GTX,FSG
US8807791038,Terex Corp,TEX.GTX,TXG
US98421M1062,Xerox Holdings Corp,XER2.GTX,XER2
US05465C1009,Axos Financial Inc,BB4.GTX,BB4
US9858171054,Yelp Inc,Y9L.GTX,Y9L
US78667J1088,SAGE Therapeutics Inc,SG7.GTX,SG7
US4532041096,Impinj Inc,27J.GTX,27J
US1976411033,Columbia Financial Inc,64H.GTX,64H
US55303J1060,MGP Ingredients Inc,M1I.GTX,M1I
US9682232064,John Wiley & Sons Inc,2F7.GTX,2F7
US03763A2078,Apollo Medical Holdings Inc,3AM.GTX,3AM
US50155Q1004,Kyndryl Holdings Inc,7XU.GTX,7XU
US09739D1000,Boise Cascade Co,BC0.GTX,BC0
US6655313079,Northern Oil and Gas Inc,4LT1.GTX,4LT1
US2041661024,Commvault Systems Inc,CVLT.GTX,D6I
US6707041058,NuVasive Inc,NK8.GTX,NK8
US1248051021,CBIZ Inc,XC4G.GTX,XC4
CA39342L1085,Green Thumb Industries Inc,R9U2.GTX,R9U2
US92343X1000,Verint Systems Inc,VRNT.GTX,VTY
US0080731088,AeroVironment Inc,JPX.GTX,JPX
US03940R1077,Arch Resources Inc,ACC1.GTX,ACCA
US5562691080,Steven Madden Ltd,SHOO.GTX,SJM
US13123X5086,Callon Petroleum Co,CE51.GTX,CE51
US31189P1021,Fate Therapeutics Inc,F6T.GTX,F6T
US1653031088,Chesapeake Utilities Corp,CPK.GTX,CH5
US4227041062,Hecla Mining Co,HCLA.GTX,HCL
US13462K1097,Camping World Holdings Inc,C83.GTX,C83
US89854H1023,TTEC Holdings Inc,TH1G.GTX,TH1
US20854L1089,CONSOL Energy Inc,C9X.GTX,C9X
US35086T1097,Four Corners Property Trust Inc,4Z1.GTX,4Z1
US71375U1016,Perficient Inc,PRFT.GTX,PFS
US05464T1043,Axsome Therapeutics Inc,19X.GTX,19X
US69753M1053,Palomar Holdings Inc,PH8.GTX,PH8
CA5359194019,Lions Gate Entertainment Corp,LGNA.GTX,LGNA
CA5359195008,Lions Gate Entertainment Corp,LGNB.GTX,LGNB
CA74167P1080,Primo Water Corp,GC6.GTX,GC6
US7613301099,Revance Therapeutics Inc,RTIG.GTX,RTI
US26856L1035,elf Beauty Inc,0EF.GTX,0EF
US69553P1003,PagerDuty Inc,2TY.GTX,2TY
US45826H1095,Integer Holdings Corp,WGBG.GTX,WGB
US92538J1060,Vertex Inc,56X.GTX,56X
US31846B1089,First Advantage Corp,0MS.GTX,0MS
US78573M1045,Sabre Corp,19S.GTX,19S
US3463751087,FormFactor Inc,FORM.GTX,FMF
US90184D1000,Twist Bioscience Corp,0ME.GTX,0ME
US48282T1043,Kadant Inc,KAI.GTX,KDA
US78645L1008,Safehold Inc,2T3.GTX,2T3
US6837121036,Opendoor Technologies Inc,25M.GTX,25M
US8190471016,Shake Shack Inc,9SH.GTX,9SH
US50101L1061,Krispy Kreme Inc,9YM.GTX,9YM
US02553E1064,American Eagle Outfitters Inc,AEOS.GTX,AFG
US6700024010,Novavax Inc,NVV1.GTX,NVV1
US2963151046,ESCO Technologies Inc,ESE.GTX,ET7
US0545402085,Axcelis Technologies Inc,XXA1.GTX,XXA1
US67098H1041,O-I Glass Inc,2WZ.GTX,2WZ
US50050N1037,Kontoor Brands Inc,3KO.GTX,3KO
US28035Q1022,Edgewell Personal Care Co,EGZG.GTX,EGZ
US65290C1053,Nextier Oilfield Solutions Inc,9KG.GTX,9KG
US29272W1099,Energizer Holdings Inc,EGG.GTX,EGG
US63938C1080,Navient Corp,10D.GTX,10D
US82982V1017,Sitio Royalties Corp,IB10.GTX,IB10
US91688F1049,Upwork Inc,UP2.GTX,UP2
US50187T1060,LGI Homes Inc,LG1.GTX,LG1
US03966V1070,Arconic Corp (PITTSBURGH),47I.GTX,47I
US7901481009,St Joe Co,JOE.GTX,JOE
US46583P1021,IVERIC bio Inc,O2T.GTX,O2T
US45256X1037,Immunitybio Inc,26CA.GTX,26CA
US5186132032,Laureate Education Inc,LA3A.GTX,LA3A
US7240781002,Piper Sandler Companies,PJR.GTX,PJR
US9170471026,Urban Outfitters Inc,URBN.GTX,UOF
US91325V1089,Uniti Group Inc,8XC.GTX,8XC
US6907321029,Owens & Minor Inc,6OM.GTX,6OM
CA89788C1041,Trulieve Cannabis Corp,T0A.GTX,T0A
US2358252052,Dana Inc,4DH.GTX,4DH
US98980B1035,Ziprecruiter Inc,47R.GTX,47R
US37253A1034,Gentherm Inc,QA4A.GTX,QA4A
US22658D1000,Cricut Inc,398.GTX,398
US6541101050,Nikola Corp,8NI.GTX,8NI
US5543821012,Macerich Co,M6G.GTX,M6G
US7433121008,Progress Software Corp,PRGS.GTX,PGR
US3580391056,Freshpet Inc,7FP.GTX,7FP
US0994061002,Boot Barn Holdings Inc,OBB.GTX,OBB
US24665A1034,Delek US Holdings Inc,DEH.GTX,DEH
US00922R1059,Air Transport Services Group Inc,ATSG.GTX,AW8
US67018T1051,NU Skin Enterprises Inc,NUS.GTX,NUS
US91680M1071,Upstart Holdings Inc,855.GTX,855
US83570H1086,Sonos Inc,8SO.GTX,8SO
US8256901005,Shutterstock Inc,S3T.GTX,S3T
US01988P1084,Allscripts Healthcare Solutions Inc,MDRX.GTX,AL21
US8684591089,Supernus Pharmaceuticals Inc,S49.GTX,S49
US9026851066,Udemy Inc,7WH.GTX,7WH
US5949724083,Microstrategy Inc,MSTRD.GTX,MIGA
GB00BJT16S69,Tronox Holdings PLC,T5X.GTX,T5X
US88337F1057,ODP Corp,ODP1.GTX,ODP1
US1417881091,CarGurus Inc,0C6.GTX,0C6
US92645B1035,Victory Capital Holdings Inc,3PK.GTX,3PK
US87874R1005,TechTarget Inc,TTGT.GTX,EFT
US0942351083,Bloomin' Brands Inc,BOO.GTX,BOO
US83545G1022,Sonic Automotive Inc,SAH.GTX,SA8A
US03937C1053,ArcBest Corp,AQY.GTX,AQY
US3932221043,Green Plains Inc,GPRE.GTX,G3V
US5011471027,Krystal Biotech Inc,4KB.GTX,4KB
US87968A1043,Tellurian Inc,MPLN.GTX,MPLN
US6292093050,NMI Holdings Inc,6NM.GTX,6NM
KYG370921069,Galaxy Digital Holdings Ltd,7LX.GTX,7LX
US52466B1035,LegalZoom.com Inc,1LZ.GTX,1LZ
US16934Q2084,Chimera Investment Corp,4CR1.GTX,4CR1
US1263491094,CSG Systems International Inc,CSGS.GTX,CSN
MHY410531021,International Seaways Inc,IS5.GTX,IS5
US30212W1009,eXp World Holdings Inc,44Y.GTX,44Y
US0185811082,Bread Financial Holdings Inc,ALLD.GTX,LID
US23285D1090,Cytek Biosciences Inc,8EQ.GTX,8EQ
US83001A1025,Six Flags Entertainment Corp,SIX.GTX,6FE
US88688T1007,Tilray Brands Inc,2HQ.GTX,2HQ
US98379L1008,Xpel Inc,XPX.GTX,XPX
US4663671091,Jack in the Box Inc,JBX.GTX,JBX
US88331L1089,Beauty Health Co,V7A0.GTX,V7A0
US4270965084,Hercules Capital Inc,19H.GTX,19H
US30226D1063,Extreme Networks Inc,EXTR.GTX,EXM
US38147U1079,Goldman Sachs BDC Inc,GSB1.GTX,GSB
US69526K1051,Pactiv Evergreen Inc,PEGG.GTX,PEG
US5355551061,Lindsay Corp,LNNM.GTX,LMF
US6005441000,MillerKnoll Inc,MLHR.GTX,MHR
US5894001008,Mercury General Corp,MCY.GTX,MCG
US3893751061,Gray Television Inc,GCZ.GTX,GCZB
US69343T1079,PJT Partners Inc,1PJ.GTX,1PJ
US1184401065,Buckle Inc,BKE.GTX,BK2
US1630721017,Cheesecake Factory Inc,CAKE.GTX,CF2
US00847X1046,Agios Pharmaceuticals Inc,8AP.GTX,8AP
US62855J1043,Myriad Genetics Inc,MYGN.GTX,MYD
US25400W1027,Digital Turbine Inc,4MD.GTX,4MD
US5021751020,LTC Properties Inc,LTC.GTX,LTP
US10918L1035,Brigham Minerals Inc,2TQ.GTX,2TQ
US46333X1081,Ironwood Pharmaceuticals Inc,I76.GTX,I76
US38046C1099,Gogo Inc,G0G.GTX,G0G
US5766901012,Materion Corp,BW.GTX,BEM
US90187B4086,Two Harbors Investment Corp,2H2A.GTX,2H2A
US98401F1057,Xencor Inc,XE9.GTX,XE9
US8713321029,Sylvamo Corp,88L.GTX,88L
US35952H6018,Fuelcell Energy Inc,FEY2.GTX,FEY2
US10806X1028,BridgeBio Pharma Inc,2CL.GTX,2CL
US4627261005,iRobot Corp,IRBT.GTX,I8R
US87652V1098,Taskus Inc,6VY.GTX,6VY
US8754651060,Tanger Factory Outlet Centers Inc,T6O.GTX,T6O
US8803491054,Tenneco Inc,TEN.GTX,TNN
US87484T1088,Talos Energy Inc,7T2.GTX,7T2
US27616P1030,Easterly Government Properties Inc,E05.GTX,E05
US86272C1036,Strategic Education Inc,SQE.GTX,SQE
US03762U1051,Apollo Commercial Real Estate Finance Inc,ARIC.GTX,9A1
US57778K1051,Maxar Technologies Inc,2JD.GTX,2JD
US4052171000,Hain Celestial Group Inc,HAIN.GTX,HF1
US22266M1045,Coursera Inc,90E.GTX,90E
US98390M1036,Xperi Holding Corp,4YG.GTX,4YG
US30034T1034,Everi Holdings Inc,GCAS.GTX,G2C
US7496601060,RPC Inc,RES.GTX,RLD
US8292261091,Sinclair Broadcast Group Inc,SBGIa.GTX,SBTA
US50077B2079,Kratos Defense and Security Solutions Inc,KTOS.GTX,WF5A
US17243V1026,Cinemark Holdings Inc,CNK.GTX,ZZA
US14817C1071,Cassava Sciences Inc,PX91.GTX,PX91
US69924R1086,Paramount Group Inc,6PMG.GTX,6PM
US82710M1009,Silk Road Medical Inc,2OW.GTX,2OW
US0067391062,Addus Homecare Corp,ADUS.GTX,A41
US00183L1026,Angi Inc,2UH.GTX,2UH
US52567D1072,Lemonade Inc,LE0.GTX,LE0
US48238T1097,KAR Auction Services Inc,XKR.GTX,XKR
US9234541020,Veritiv Corp,288.GTX,288
US21044C1071,Construction Partners Inc,CQY.GTX,CQY
US60471A1016,Mirion Technologies Inc,55I0.GTX,55I0
US92243G1085,Vaxcyte Inc,5VA.GTX,5VA
CA66987E2069,NovaGold Resources Inc,NGR.GTX,NGR
US87305R1095,TTM Technologies Inc,TTMI.GTX,TT1
US68375N1037,OPKO Health Inc,OPK.GTX,XCY
US70788V1026,Ranger Oil Corp,PVAE.GTX,PVAE
US38267D1090,Goosehead Insurance Inc,2OX.GTX,2OX
US00486H1059,ADTRAN Holdings Inc,QH9.GTX,QH9
US9283771007,Vista Outdoor Inc,5VO.GTX,5VO
US05541T1016,BGC Partners Inc,ESPD.GTX,ESDA
US04546L1061,AssetMark Financial Holdings Inc,0LA.GTX,0LA
US12468P1049,C3.ai Inc,724.GTX,724
US93627C1018,Warrior Met Coal Inc,WJ4.GTX,WJ4
US83012A1097,Sixth Street Specialty Lending Inc,1T6.GTX,1T6
US92240M1080,Vector Group Ltd,VGR.GTX,VGR
US8070661058,Scholastic Corp,SCHL.GTX,SL1
BMG9001E1286,Liberty Latin America Ltd,1LLC.GTX,1LLC
BMG9001E1021,Liberty Latin America Ltd,1LL.GTX,1LL
US5057431042,Ladder Capital Corp,LD1A.GTX,LD1A
US8090871091,Sciplay Corp,2XY.GTX,2XY
US53220K5048,Ligand Pharmaceuticals Inc,LGND.GTX,LGDN
US5895841014,Meridian Bioscience Inc,VIVO.GTX,MR4
US96758W1018,WideOpenWest Inc,WU5.GTX,WU5
US71944F1066,Phreesia Inc,19P.GTX,19P
US03209R1032,Amphastar Pharmaceuticals Inc,29A.GTX,29A
US8085411069,Mativ Holdings Inc,SWMU.GTX,MH2
US29978A1043,Everbridge Inc,2E7.GTX,2.00E+07
US76243J1051,Rhythm Pharmaceuticals Inc,1RV.GTX,1RV
US05508R1068,B&G Foods Inc,BGSN.GTX,DHR
US0846801076,Berkshire Hills Bancorp Inc,4I9.GTX,4I9
US29270J1007,Energy Recovery Inc,ERII.GTX,5.00E+02
US70931T1034,PennyMac Mortgage Investment Trust,8PM.GTX,8PM
US3793782018,Global Net Lease Inc,2N8.GTX,2N8
US5021601043,LSB Industries Inc,LXU.GTX,LS3
US20451N1019,Compass Minerals International Inc,CM8.GTX,CM8
US1053682035,Brandywine Realty Trust,BDN.GTX,B2X
US87164F1057,Syndax Pharmaceuticals Inc,1T3.GTX,1T3
US1844991018,Clean Energy Fuels Corp,CLNE.GTX,WIQ
US45867G1013,InterDigital Inc,IDCC.GTX,IDI
US1925761066,Cohu Inc,COHU.GTX,CU3
US50105F1057,Kronos Worldwide Inc,K1W.GTX,K1W
US92766K1060,Virgin Galactic Holdings Inc,0QL.GTX,0QL
US53815P1084,Liveramp Holdings Inc,XIMG.GTX,XIM
US69404D1081,Pacific Biosciences of California Inc,PACB.GTX,P09
US14888U1016,Catalyst Pharmaceuticals Inc,CPRX.GTX,CN2
US2681582019,Dynavax Technologies Corp,DYF1.GTX,DYF1
US5657881067,Marathon Digital Holdings Inc,M44.GTX,M44
US52603A2087,LendingClub Corp,8LCA.GTX,8LCA
US58470H1014,Medifast Inc,MDFT.GTX,MDF
US03748R7474,Apartment Investment and Management Co,AIVG.GTX,AIV
US65341D1028,NexPoint Residential Trust Inc,5O4.GTX,5O4
US9168961038,Uranium Energy Corp,URME.GTX,U6Z
US16961L1061,Chinook Therapeutics Inc,290A.GTX,290A
US68621T1025,Origin Bancorp Inc,36Z.GTX,36Z
GB00BYX7JT74,Diversified Energy Company PLC,DG2G.GTX,DG2
US3873281071,Granite Construction Inc,GVA.GTX,GRG
US4131601027,Harmonic Inc,HLIT.GTX,HMC
US24344T1016,Deciphera Pharmaceuticals Inc,D05.GTX,D05
KYG367381053,Fresh Del Monte Produce Inc,FDP.GTX,FDM
US22041X1028,Corsair Gaming Inc,6C2.GTX,6C2
US90385V1070,Ultra Clean Holdings Inc,UCTT.GTX,UCE
US92337F1075,Veracyte Inc,12V.GTX,12V
US9134561094,Universal Corp,UVV.GTX,UVV
US35180X1054,Franchise Group Inc,3HC.GTX,3HC
US2537981027,Digi International Inc,DGII.GTX,DGI
US74374T1097,Proterra Inc,6VL.GTX,6VL
US3843135084,GrafTech International Ltd,G6G.GTX,G6G
US38341P1021,Gossamer Bio Inc,4GB.GTX,4GB
US4330001060,Hims & Hers Health Inc,82W.GTX,82W
US67011P1003,NOW Inc,11N.GTX,11N
US2921041065,Empire State Realty Trust Inc,ES9.GTX,ES9
US3596641098,Fulgent Genetics Inc,7F0.GTX,7F0
US8110544025,E W Scripps Co,SQ6B.GTX,SQ6B
US92346J1088,Vericel Corp,ATQP.GTX,ATQP
US45569U1016,indie Semiconductor Inc,48H.GTX,48H
US2942681071,ePlus inc,PLUS.GTX,MLE
US88554D2053,3D Systems Corp,TDSC.GTX,SYV
US6903701018,Overstock.com Inc,OSTK.GTX,OVER
US0235761014,Amerant Bancorp Inc,0KZG.GTX,0KZA
US0147521092,Alexander's Inc,ALX.GTX,AXE
US05368M1062,Avid Bioservices Inc,TEHP.GTX,TEHP
US64119V3033,Netstreit Corp,64N.GTX,64N
US90328M1071,USANA Health Sciences Inc,USNA.GTX,USJ
US21871N1019,CoreCivic Inc,PSRA.GTX,PSRA
US72016P1057,Piedmont Lithium Inc,6S3.GTX,6S3
US2274831047,Cross Country Healthcare Inc,CCRN.GTX,XXY
US6090271072,Monarch Casino & Resort Inc,MCRI.GTX,MOI
US05875B1061,Bally's Corp,358.GTX,358
US0341641035,Andersons Inc,ANDE.GTX,AKG
US25787G1004,Donnelley Financial Solutions Inc,1DN.GTX,1DN
US08975P1084,Bigcommerce Holdings Inc,BI1.GTX,BI1
US03236M2008,Amyris Inc,3A01.GTX,3A01
US29251M1062,Enanta Pharmaceuticals Inc,9EP.GTX,9EP
US15202L1070,Centerspace,WXC1.GTX,WXC1
US60510V1089,Mission Produce Inc,5YM.GTX,5YM
US2544231069,Dine Brands Global Inc,IHP.GTX,IHP
US3610081057,Funko Inc,FU2.GTX,FU2
US5255582018,LeMaitre Vascular Inc,LHU.GTX,LHU
US55305B1017,M/I Homes Inc,4MI.GTX,4MI
US8472151005,SpartanNash Co,SRJ.GTX,SRJ
US6359061008,National Healthcare Corp,NHCC.GTX,HTW
US55272X6076,MFA Financial Inc,M4ZA.GTX,M4ZA
US6151111019,Montrose Environmental Group Inc,5MO.GTX,5MO
US23204G1004,Customers Bancorp Inc,334.GTX,334
US31188V1008,Fastly Inc,2Y7.GTX,2Y7
US29089Q1058,Emergent BioSolutions Inc,ER4.GTX,ER4
US62921N1054,NGM Biopharmaceuticals Inc,0IK.GTX,0IK
US05350V1061,Avanos Medical Inc,8HH.GTX,8HH
US35243J1016,Franklin BSP Realty Trust Inc,6VH.GTX,6VH
US00650F1093,Adaptive Biotechnologies Corp,1HM.GTX,1HM
US20464U1007,Compass Inc,91D.GTX,91D
US5588681057,Madrigal Pharmaceuticals Inc,YDO1.GTX,YDO1
US22663K1079,Crinetics Pharmaceuticals Inc,6Z4.GTX,6Z4
US81761L1026,Service Properties Trust,HPOG.GTX,HPO
US3927091013,Green Brick Partners Inc,2G1.GTX,2G1
US8581552036,Steelcase Inc,SCSU.GTX,GJB
US45253H1014,ImmunoGen Inc,IMGN.GTX,IMU
US88642R1095,Tidewater Inc,TD9.GTX,TD9
US61775R1059,Morphic Holding Inc,31Y.GTX,31Y
US45667G1031,Infinera Corp,INFN.GTX,IX6
US7437131094,Proto Labs Inc,PRZ1.GTX,PRZ
US6496045013,New York Mortgage Trust Inc,NYMO.GTX,NKZB
CA8676EP1086,Sunopta Inc,SOY.GTX,ZSK
US2505651081,Designer Brands Inc,D9W.GTX,D9W
IL0011267213,Stratasys Ltd,SCY.GTX,SCY
US11778X1046,BTRS Holdings Inc,62Y0.GTX,62Y0
US08862E1091,Beyond Meat Inc,0Q3.GTX,0Q3
US98983V1061,Zuora Inc,2ZU.GTX,2ZU
US05367P1003,Avid Technology Inc,AVID.GTX,AVD
US60935Y2081,MoneyGram International Inc,9M1N.GTX,9M1N
US7291391057,Pliant Therapeutics Inc,9PT.GTX,9PT
US18914F1030,Clover Health Investments Corp,7QD.GTX,7QD
US4219061086,Healthcare Services Group Inc,HCSE.GTX,HS1
US9224171002,Veeco Instruments Inc,VECO.GTX,VEO
US36162J1060,Geo Group Inc,GEGG.GTX,GEG
US0021211018,A10 Networks Inc,8A0.GTX,8A0
CA2926717083,Energy Fuels Inc,VO51.GTX,VO51
US7672921050,Riot Blockchain Inc,AP4N.GTX,AP4N
US3741631036,Geron Corp,GERN.GTX,GON
US28106W1036,Editas Medicine Inc,8EM.GTX,8EM
US59100U1088,Pathward Financial Inc,FM7.GTX,FM7
US74915M1009,Qurate Retail Inc,LB3A.GTX,LB3A
US00164V1035,AMC Networks Inc,9AC.GTX,9AC
US82312B1061,Shenandoah Telecommunications Co,SHET.GTX,SH9
US55955D1000,Magnite Inc,15R.GTX,15R
US25058X1054,Desktop Metal Inc,844.GTX,844
US90346E1038,US Silica Holdings Inc,USI.GTX,USI
US7194051022,Photronics Inc,PLAB.GTX,PQ2
CA22587M1068,Cresco Labs Inc,6CQ.GTX,6CQ
US60878Y1082,Momentive Global Inc,2K90.GTX,2K90
US0952291005,Blucora Inc,3EV.GTX,3EV
US3936571013,Greenbrier Companies Inc,GBXC.GTX,G90
US6932821050,PDF Solutions Inc,PDFS.GTX,PD9
VGG6483G1000,Newegg Commerce Inc,J8D.GTX,J8D
US88322Q1085,TG Therapeutics Inc,NKB2.GTX,NKB2
US02607T1097,Necessity Retail REIT Inc,3FG.GTX,3FG
US05684B1070,Bain Capital Specialty Finance Inc,618.GTX,618
US86646P1030,Sumo Logic Inc,SU5.GTX,SU5
US08160H1014,Benchmark Electronics Inc,BHE.GTX,BMU
US75615P1030,Reata Pharmaceuticals Inc,2R3.GTX,2R3
US8004221078,John B Sanfilippo & Son Inc,JBSS.GTX,JO1
US02081G2012,Alphatec Holdings Inc,L1Z1.GTX,L1Z1
US8641591081,Sturm Ruger & Company Inc,RGR.GTX,ST2
US6915431026,Oxford Lane Capital Corp,4RQ.GTX,4RQ
US00108J1097,ACM Research Inc,813.GTX,813
US14167L1035,CareDx Inc,1K9.GTX,1K9
US00437E1029,Accolade Inc,4NE1.GTX,4NE1
US4016171054,Guess? Inc,GES.GTX,GU9
US4495851085,IGM Biosciences Inc,1K0.GTX,1K0
US1921085049,Coeur Mining Inc,CDE.GTX,CDM1
US4835481031,Kaman Corp,KA1.GTX,KA1
KYG8232Y1017,SMART Global Holdings Inc.,850.GTX,850
US92536C1036,Veru Inc,FMW.GTX,FMW
US92922P1066,W&T Offshore Inc,WTI.GTX,UWV
US8068821060,Schnitzer Steel Industries Inc,SNIT.GTX,SS1A
US42805E3062,Heska Corp,HSKN.GTX,HSKN
US28852N1090,Ellington Financial Inc,1EL.GTX,1EL
US83125X1037,Sleep Number Corp,SL2.GTX,SL2
US45781M1018,Innoviva Inc,HVE.GTX,HVE
US77313F1066,Rocket Pharmaceuticals Inc,9IP1.GTX,9IP1
US56400P7069,MannKind Corp,NNFN.GTX,NNFN
US7580754023,Redwood Trust Inc,RWT.GTX,R2V
US09627J1025,Bluerock Residential Growth REIT Inc,BKOG.GTX,BKO
US38268T1034,GoPro Inc,5G5.GTX,5G5
US67623C1099,Office Properties Income Trust,GOK1.GTX,GOKA
US64082B1026,NerdWallet Inc,6OI.GTX,6OI
US81617J3014,Select Energy Services Inc,18RA.GTX,18RA
US04208T1088,Armada Hoffler Properties Inc,791.GTX,791
US74967R1068,RMR Group Inc,26R.GTX,26R
US47580P1030,JELD-WEN Holding Inc,0JW.GTX,0JW
US83413U1007,SLR Investment Corp,SLRC.GTX,ZSL
US8006771062,Sangamo Therapeutics Inc,SGMO.GTX,GBY
US6047491013,Mirum Pharmaceuticals Inc,08D.GTX,08D
US10948C1071,Brightview Holdings Inc,7BV.GTX,7BV
US14575E1055,Cars.com Inc,CK3.GTX,CK3
US2067871036,Conduent Inc,4C0.GTX,4C0
KYG4740B1059,Ichor Holdings Ltd,4IH.GTX,4IH
US68622D1063,Origin Materials Inc,5ER.GTX,5ER
US0028962076,Abercrombie & Fitch Co,ANF.GTX,AFT
US76029N1063,Replimune Group Inc,7R8.GTX,7R8
US03761U5020,MidCap Financial Investment Corp,55O1.GTX,55O1
US2480191012,Deluxe Corp,DLX.GTX,DL8
US31154R1095,Farmland Partners Inc,0FA.GTX,0FA
US00771V1089,Aerie Pharmaceuticals Inc,0P0.GTX,0P0
US2620371045,Dril-Quip Inc,DRQ.GTX,DQU
US75737F1084,Redfin Corp,R6G.GTX,R6G
US4198791018,Hawaiian Holdings Inc,1HW.GTX,1HW
US83587F2020,Sorrento Therapeutics Inc,8STN.GTX,8STN
US92552R4065,Viad Corp,VVI.GTX,DIL1
US19249H1032,Coherus BioSciences Inc,8C5.GTX,8C5
US0144421072,Alector Inc,0Z2.GTX,0Z2
US0423155078,ARMOUR Residential REIT Inc,2AR1.GTX,2AR1
US5381461012,LivePerson Inc,LPSN.GTX,LVO
US81948W1045,Sharecare Inc,8DJ0.GTX,8DJ0
US0327241065,AnaptysBio Inc,AN6.GTX,AN6
US5771281012,Matthews International Corp,MATWa.GTX,MW1A
US7495271071,REV Group Inc,1RG.GTX,1RG
US92672L1070,ViewRay Inc,6L9.GTX,6L9
US8592411016,Sterling Infrastructure Inc,UAO.GTX,UAO
US0327973006,Anavex Life Sciences Corp,12X1.GTX,12X1
US71363P1066,Perdoceo Education Corp,CE1G.GTX,CE1
US92846Q1076,Vita Coco Company Inc,85E.GTX,85E
US25271C2017,Diamond Offshore Drilling Inc,DO10.GTX,DO10
US41165Y1001,HarborOne Bancorp Inc,1S4.GTX,1S4
US09259E1082,BlackRock TCP Capital Corp,8TC.GTX,8TC
US8722801029,Carlyle Secured Lending Inc,6JR.GTX,6JR
US1010441053,Boston Omaha Corp,42SG.GTX,42S
US75382E1091,Rapt Therapeutics Inc,0RA.GTX,0RA
US04013V1089,Ares Commercial Real Estate Corp,41I.GTX,41I
US8873991033,TimkenSteel Corp,ZS2.GTX,ZS2
US3765361080,Gladstone Commercial Corp,GOOD.GTX,GLE
US5949603048,MicroVision Inc,MVIN.GTX,MVIN
US3765491010,Gladstone Land Corp,3L4.GTX,3L4
US63009R1095,NanoString Technologies Inc,0F1.GTX,0F1
US46571Y1073,I3 Verticals Inc,V1K.GTX,V1K
US29975E1091,Eventbrite Inc,EB4.GTX,EB4
US53261M1045,Edgio Inc,LNK.GTX,LNK
US59045L1061,Mersana Therapeutics Inc,0M4.GTX,0M4
US18538R1032,Clearwater Paper Corp,5WC.GTX,5WC
US1567271093,Cerence Inc,0S6.GTX,0S6
US13803R1023,Canoo Inc,9XK.GTX,9XK
US22207T1016,Couchbase Inc,1V3.GTX,1V3
US7458481014,Pulmonx Corp,4NI.GTX,4NI
US8968181011,Triumph Group Inc,TGI.GTX,TG7
US46185L1035,Invitae Corp,IV8.GTX,IV8
US3135861090,Federal National Mortgage Association,FNM.GTX,FNM
US26817Q8868,Dynex Capital Inc,DYT1.GTX,DYT1
US2787152063,Ebix Inc,EBIX.GTX,EWZ
US1572101053,CEVA Inc,PVJA.GTX,PVJA
US42330P1075,Helix Energy Solutions Group Inc,HELX.GTX,CTV
US4489475073,IDT Corp,IDT.GTX,IDC2
US08579X1019,Berry Corporation (Bry),1P6.GTX,1P6
US03168L1052,Amneal Pharmaceuticals Inc,2DT.GTX,2DT
US5679081084,MarineMax Inc,HZO.GTX,MLW
US00847G7051,Agenus Inc,AJ81.GTX,AJ81
US59516C1062,Microvast Holdings Inc,2OZA.GTX,2OZA
US64111Q1040,NETGEAR Inc,NGJI.GTX,NGJ
US81727U1051,Senseonics Holdings Inc,6L6.GTX,6L6
US91359E1055,Universal Health Realty Income Trust,UHT.GTX,WY8
US21077C1071,ContextLogic Inc,5ZZ.GTX,5ZZ
US8257041090,SI-BONE Inc,2K3.GTX,2K3
US74934Q1085,RCI Hospitality Holdings Inc,RIK.GTX,RIK
US02155H2004,Altimmune Inc,3G0.GTX,3G0
US57777K1060,MaxCyte Inc,MYE0.GTX,MYE0
MHY2187A1507,Eagle Bulk Shipping Inc,E1B1.GTX,E1B1
US1686151028,Chico's FAS Inc,CHCS.GTX,YC8
US80007P8692,SandRidge Energy Inc,SA2D.GTX,SA2D
US6402681083,Nektar Therapeutics,NKTR.GTX,ITH
US2575541055,Domo Inc,1ON.GTX,1ON
US1564311082,Century Aluminum Co,CENX.GTX,EY3
US45845P1084,Intercept Pharmaceuticals Inc,I4P.GTX,I4P
US0070021086,Adicet Bio Inc,1IJA.GTX,1IJA
US09624H2085,Bluelinx Holdings Inc,FZG1.GTX,FZG1
US9871841089,York Water Co,YWA.GTX,YWA
US15643U1043,Centrus Energy Corp,UEAN.GTX,4CU
US64118P1093,Netlist Inc,NLST.GTX,XAB
US24869P1049,Denny's Corp,DNYY.GTX,DE8
US86150R1077,Stoke Therapeutics Inc,0GT.GTX,0GT
US09075F1075,Bionano Genomics Inc,2Y3.GTX,2Y3
US00182C1036,ANI Pharmaceuticals Inc,BSFA.GTX,BSFA
US0758961009,Bed Bath & Beyond Inc,BBBY.GTX,BBY
US3743964062,Gevo Inc,ZGV3.GTX,ZGV3
MHY2106R1100,Dorian LPG Ltd,0DA.GTX,0DA
US53635B1070,Liquidity Services Inc,LQDT.GTX,L1S
US98585N1063,Yext Inc,0YE.GTX,0YE
US3715321028,Genesco Inc,GN8.GTX,GN8
US46121Y2019,Intrepid Potash Inc,58I1.GTX,58I1
MHY2685T1313,Genco Shipping & Trading Ltd,GNU1.GTX,GNU1
US45166A1025,IDEAYA Biosciences Inc,30J.GTX,30J
US19459J1043,Collegium Pharmaceutical Inc,354.GTX,354
US9092143067,Unisys Corp,UIS.GTX,USY1
US81752R1005,Seritage Growth Properties,1D3.GTX,1D3
US4586653044,Interface Inc,IF6N.GTX,IF6N
US55262C1009,MBIA Inc,MBI.GTX,MBJ
US21873J1088,Core Scientific Inc,7ZD0.GTX,7ZD0
US3621LQ1099,G1 Therapeutics Inc,G1H.GTX,G1H
US3116421021,FARO Technologies Inc,FARO.GTX,FT1
US8608971078,Stitch Fix Inc,SYJ.GTX,SYJ
US0893021032,Big Lots Inc,4B3.GTX,4B3
US49705R1059,Kinnate Biopharma Inc,6KB.GTX,6KB
US87266J1043,TPI Composites Inc,GX6.GTX,GX6
US1416191062,Cardiovascular Systems Inc,R7Y.GTX,R7Y1
US89610F1012,Tricida Inc,1T7.GTX,1T7
US4228191023,Heidrick & Struggles International Inc,HSII.GTX,HSI
US8964423086,Trinity Capital Inc,9F7.GTX,9F7
US70806A1060,PennantPark Floating Rate Capital Ltd,22P.GTX,22P
US1405011073,Capital Southwest Corp,SFW.GTX,SFW
US6824061039,One Liberty Properties Inc,O1A.GTX,O1A
US88162F1057,Tetra Technologies Inc,TTI.GTX,TGI
US7616241052,REX American Resources Corp,RSC.GTX,RX3
US90214J1016,2U Inc,2U1.GTX,2U1
US30052C1071,Evolus Inc,EVL.GTX,EVL
US4562371066,Industrial Logistics Properties Trust,1QY.GTX,1QY
US1407551092,Cara Therapeutics Inc,69C.GTX,69C
US14808P1093,Cass Information Systems Inc,CC3.GTX,CC3
US74017N1054,Precigen Inc,I5X.GTX,I5X
US5352191093,Lindblad Expeditions Holdings Inc,LI4.GTX,LI4
US46131B7047,Invesco Mortgage Capital Inc,7M20.GTX,7M20
US1086211034,Bridgewater Bancshares Inc,1WA.GTX,1WA
KYG177661090,Cambium Networks Corp,089.GTX,89
US98138J2069,Workhorse Group Inc,1WO.GTX,1WO
US09609G1004,bluebird bio Inc,BLE.GTX,BLE
US29664W1053,Esperion Therapeutics Inc,0ET.GTX,0ET
US01671P1003,Allakos Inc,37Z.GTX,37Z
US92847W1036,Vital Farms Inc,5KH.GTX,5KH
US83418M1036,Solaris Oilfield Infrastructure Inc,68S.GTX,68S
US92921W3007,Vuzix Corp,V7XN.GTX,V7XN
US4208772016,Haynes International Inc,HAYN.GTX,HYVN
US8317541063,Smith & Wesson Brands Inc,SMWS.GTX,SWS
US50015M1099,Kodiak Sciences Inc,K27.GTX,K27
US6525262035,Newtek Business Services Corp,1N31.GTX,1N31
US0193301092,Allied Motion Technologies Inc,HWYG.GTX,HWY
US2829141009,8x8 Inc,EGHT.GTX,EGT
US3765461070,Gladstone Investment Corp,1G3.GTX,1G3
US87663X1028,Tattooed Chef Inc,F7M.GTX,F7M
US45773H2013,Inovio Pharmaceuticals Inc,GBMB.GTX,GBMB
US80706P1030,Scholar Rock Holding Corp,2QK.GTX,2QK
US67576A1007,Ocular Therapeutix Inc,0OT.GTX,0OT
US04206A1016,Arlo Technologies Inc,2VI.GTX,2VI
US4277461020,Heron Therapeutics Inc,AXD2.GTX,AXD2
US1920051067,Codexis Inc,CDXS.GTX,4QK
US3023011063,EZCORP Inc,EZPW.GTX,EZ2A
US4195961010,Haverty Furniture Companies Inc,25F.GTX,25F
US70805E1091,Pennant Group Inc,1ZU.GTX,1ZU
US9898171015,Zumiez Inc,ZUMZ.GTX,ZM3
US7244791007,Pitney Bowes Inc,PBI.GTX,PBW
US23283M1018,Cytodyn Inc,296.GTX,296
US6067102003,Mitek Systems Inc,MITK.GTX,MKQ
US68621F1021,Organogenesis Holdings Inc,2PQ.GTX,2PQ
CA44955L1067,I-80 Gold Corp,8JI.GTX,8JI
US7677548726,Rite Aid Corp,RTA1.GTX,RTA1
US00760J1088,Aehr Test Systems,AEHR.GTX,AYB
US52472M1018,Legacy Housing Corp,519.GTX,519
US67577C1053,Ocugen Inc,2H51.GTX,2H51
US2053061030,Computer Programs and Systems Inc,CPSI.GTX,PS1
US7163821066,Petmed Express Inc,PETS.GTX,PQM
US76674Q1076,Rimini Street Inc,0QH.GTX,0QH
USU0858L1036,Devolver Digital Inc,8COG.GTX,8CO
US75134P3038,Ramaco Resources Inc,5R0.GTX,5R0
US7625441040,Ribbon Communications Inc,NU42.GTX,NU42
US83192H1068,SmileDirectClub Inc,0WF.GTX,0WF
US68571X3017,Orchid Island Capital Inc,45U0.GTX,45U0
US90041L1052,Turning Point Brands Inc,0T5.GTX,0T5
US2774614067,Eastman Kodak Co,KODN.GTX,KODN
US4158641070,Harsco Corp,HSC.GTX,HA7
US3134003017,Federal Home Loan Mortgage Corp,FRE.GTX,FHL
US48576U1060,Karyopharm Therapeutics Inc,25K.GTX,25K
US57637H1032,Mastercraft Boat Holdings Inc,1SG.GTX,1SG
US8998961044,Tupperware Brands Corp,TUP.GTX,TUP
US2036681086,Community Health Systems Inc,CYH.GTX,CG5
US74374N1028,Provention Bio Inc,2VB.GTX,2VB
US30320C1036,FTC Solar Inc,6YK.GTX,6YK
US14161W1053,Cardlytics Inc,CYXG.GTX,CYX
US2362721001,Danimer Scientific Inc,6CU.GTX,6CU
US2697961082,Eagle Pharmaceuticals Inc,1E6.GTX,1.00E+06
US23291C1036,DMC Global Inc,DM5.GTX,DM5
US2339121046,Daily Journal Corp,DJ1.GTX,DJ1
US05366Y2019,Aviat Networks Inc,HSD1.GTX,HSD1
KYG596651029,MeiraGTx Holdings PLC,328.GTX,328
US53635D2027,Liquidia Corp,LT4.GTX,LT4
US01345P1066,Albireo Pharma Inc,BDQM.GTX,BDQM
US4834971032,Kalvista Pharmaceuticals Inc,4XC1.GTX,4XC1
US0465131078,Atara Biotherapeutics Inc,AT2.GTX,AT2
US01438T1060,Aldeyra Therapeutics Inc,137.GTX,137
US0464331083,Astronics Corp,ATRO.GTX,AC1
US09075P1057,BioXcel Therapeutics Inc,BX2.GTX,BX2
US05988J1034,Bandwidth Inc,5XB.GTX,5XB
US7813863054,RumbleOn Inc,4Q01.GTX,4Q01
US00109K1051,AFC Gamma Inc,0FG.GTX,0FG
US98262P1012,WW International Inc,WW6.GTX,WW6
US48563L1017,Karat Packaging Inc,0WJ.GTX,0WJ
US29382R1077,Entravision Communications Corp,EVC.GTX,EV9
US75321W1036,Ranpak Holdings Corp,0ZA.GTX,0ZA
CA7319164090,Polymet Mining Corp,PB3A.GTX,PB3A
US1251411013,CECO Environmental Corp,CECE.GTX,WCE
US3765351008,Gladstone Capital Corp,1G7.GTX,1G7
US82536T1079,Shotspotter Inc,918.GTX,918
US0773472016,Bel Fuse Inc,BF2A.GTX,BF2A
US04684M1062,Athena Consumer Acquisition Corp,V8D.GTX,V8D
US14713L1026,Casa Systems Inc,6CS.GTX,6CS
US84920Y1064,Sportsmans Warehouse Holdings Inc,06S.GTX,06S
US23257D1037,Cymabay Therapeutics Inc,C0I.GTX,C0I
US68404V1008,OptiNose Inc,0OP.GTX,0OP
US5860011098,Membership Collective Group Inc,75Z.GTX,75Z
US02083G1004,Alpine Immune Sciences Inc,34LA.GTX,34LA
US3994732069,Groupon Inc,G5NA.GTX,G5NA
US5635714059,Manitowoc Company Inc,MNGN.GTX,MNGN
US0215131063,Alto Ingredients Inc,FPRG.GTX,FPR
CA03879J1003,Arbutus Biopharma Corp,I9DN.GTX,I9DN
US75025X1000,Radiant Logistics Inc,3GT.GTX,3GT
US25525P1075,Diversified Healthcare Trust,SNFG.GTX,SNF
US4834671061,Kaltura Inc,73Q.GTX,73Q
US98888T1079,ZimVie Inc,O23.GTX,O23
US0953061068,Blue Bird Corp,4RB.GTX,4RB
US45170X2053,Identiv Inc,INVN.GTX,INVN
US36472T1097,Gannett Co Inc,2N2A.GTX,2N2A
US68403P2039,Oramed Pharmaceuticals Inc,OJU1.GTX,OJU1
US73757R1023,Postal Realty Trust Inc,2WP.GTX,2WP
US8693671021,Sutro Biopharma Inc,S09.GTX,S09
US73730P1084,Poseida Therapeutics Inc,2RZ.GTX,2RZ
US76680V1089,Ring Energy Inc,KWE1.GTX,KWE1
US63888U1088,Natural Grocers By Vitamin Cottage Inc,N2V.GTX,N2V
US9855101062,Yellow Corp,YEL.GTX,YEL
IE00BF2HDL56,RVL Pharmaceuticals PLC,O1P.GTX,O1P
US23331S1006,DHI Group Inc,32D.GTX,32D
US68554V1089,OraSure Technologies Inc,OSUR.GTX,EP3
US69012T2069,Outlook Therapeutics Inc,41ON.GTX,41ON
CA91688R1082,Ur-Energy Inc,URE.GTX,U9T
US10921T1016,Brightcove Inc,2BV.GTX,2BV
US6780261052,Oil States International Inc,OIS.GTX,OI2
US0925331086,BlackRock Capital Investment Corp,8BK.GTX,8BK
US0535883070,Aveo Pharmaceuticals Inc,VPA1.GTX,VPA1
US98985X1000,Zymergen Inc,732.GTX,732
US08862L1035,Beyond Air Inc,48L.GTX,48L
US91544A1097,Upland Software Inc,16U.GTX,16U
US91851C2017,VAALCO Energy Inc,EGY.GTX,VAW
US92556D1063,Via Renewables Inc,SLE0.GTX,SLE0
US00032Q1040,Aadi Bioscience Inc,3350G.GTX,3350
US75508B1044,Rayonier Advanced Materials Inc,RYQ.GTX,RYQ
US03212B1035,Amplify Energy Corp,2OQ.GTX,2OQ
CA04016A1012,Argonaut Gold Inc,A8U.GTX,A8U
US71639T1060,PetIQ Inc,39L.GTX,39L
US00770K2024,Aemetis Inc,DW51.GTX,DW51
US30233G2093,EyePoint Pharmaceuticals Inc,PV3B.GTX,PV3B
US81684M1045,Semler Scientific Inc,6FA.GTX,6FA
US80405P1075,Satsuma Pharmaceuticals Inc,1LV.GTX,1LV
US08915P1012,Big 5 Sporting Goods Corp,BGFV.GTX,BG3
US6821431029,Omeros Corp,OMER.GTX,3O8
US29103W1045,Emerald Holding Inc,EM7.GTX,EM7
US8162121045,Selecta Biosciences Inc,1S7.GTX,1S7
US6294452064,NVE Corp,NVEC.GTX,NVK
US45782B1044,Inseego Corp,INOG.GTX,INO
US92915B1061,Voyager Therapeutics Inc,VT6.GTX,VT6
US92347M1009,Veritone Inc,VEKG.GTX,VEK
US91705J1051,Urban One Inc,UA1.GTX,UA1
US91705J2042,Urban One Inc,UA1N.GTX,UA1N
US2536511031,Diebold Nixdorf Inc,DBD.GTX,DBD
US88338K1034,One Group Hospitality Inc,XZ9.GTX,XZ9
US92259F1012,Velodyne Lidar Inc,808.GTX,808
US23131L1070,CURO Group Holdings Corp,CGEG.GTX,CGE
US81728J1097,Sensus Healthcare Inc,5TX.GTX,5TX
CA6544841043,NioCorp Developments Ltd,BR3.GTX,BR3
US7332451043,Porch Group Inc,32RD.GTX,32RD
US92686J1060,Viking Therapeutics Inc,1VT.GTX,1VT
CA31447P1009,Fennec Pharmaceuticals Inc,RV41.GTX,RV41
US98423B1089,Xos Inc,9KR.GTX,9KR
US46655E1001,Dakota Gold Corp,RR6G.GTX,RR6
US03783T1034,AppHarvest Inc,829.GTX,829
US98422E1038,Xeris Biopharma Holdings Inc,2B30.GTX,2B30
US34988V1061,Fossil Group Inc,FOSL.GTX,FSL
US65540B1052,Noodles & Co,NOO.GTX,NO3
US30322L1017,F45 Training Holdings Inc,4OP.GTX,4OP
US0843101017,Berkeley Lights Inc,64B.GTX,64B
US8808811074,Terns Pharmaceuticals Inc,430.GTX,430
US37229T3014,Genius Brands International Inc,4XV.GTX,4XV
US39868T1051,Gritstone bio Inc,2JQ.GTX,2JQ
US7665596034,Rigel Pharmaceuticals Inc,RIGLD.GTX,RI2A
US4884452065,KemPharm Inc,1GDA.GTX,1GDA
US8163073005,SelectQuote Inc,6SJA.GTX,6SJA
US62526P1093,Mullen Automotive Inc,1N5.GTX,1N5
US1200761047,Build-A-Bear Workshop Inc,FPW.GTX,FPW
US7021491052,Party City Holdco Inc,5PY.GTX,5PY
US0043971052,Accuray Inc,ARAY.GTX,XEJ
US5314651028,Liberty Tripadvisor Holdings Inc,LT0Aa.GTX,LT0A
US92337C1045,Verastem Inc,2VS.GTX,2VS
US98419J2069,XOMA Corp,X0M1.GTX,X0M1
US45166V1061,Ideanomics Inc,0V5.GTX,0V5
US3773201062,Glatfelter Corp,GLN1.GTX,GLN
CA91822J1030,VBI Vaccines Inc,LO91.GTX,LO91
US2082421072,Conn's Inc,CN4.GTX,CN4
US69002R1032,Outbrain Inc,852.GTX,852
US5560991094,MacroGenics Inc,M55.GTX,M55
US00973N1028,Akoustis Technologies Inc,AVHG.GTX,AVH
US92747V1061,Vintage Wine Estates Inc,8HQ.GTX,8HQ
US03528H1095,Anixa Biosciences Inc,CY71.GTX,CY71
US4525211078,Immersion Corp,IMMR.GTX,IMV
US1281261099,CalAmp Corp,CAMP.GTX,CF3
CA05475P1099,Ayr Wellness Inc,3KJB.GTX,3KJB
US17322U2078,Citius Pharmaceuticals Inc,47N.GTX,47N
US08975B1098,BigBear.ai Holdings Inc,28K1.GTX,28K1
US16934W1062,Chimerix Inc,CXF.GTX,CXF
CA4078911001,Hamilton Thorne Ltd,0ZM.GTX,0ZM
US56155L1089,Mammoth Energy Services Inc,5M8.GTX,5M8
US92765F1084,Viracta Therapeutics Inc,RYIG.GTX,RYI
US8485601087,Spire Global Inc,43J.GTX,43J
US88339P1012,RealReal Inc,6RR.GTX,6RR
US69181V1070,Oxford Square Capital Corp,22T.GTX,22T
US04216R1023,Armata Pharmaceuticals Inc,TG1N.GTX,TG1N
US46620W2017,JJill Inc,1MJ1.GTX,1MJ1
US8051111016,Savara Inc,YB4P.GTX,YB4P
US1894641000,Clovis Oncology Inc,C6OV.GTX,C6O
US7745151008,Rocky Brands Inc,RCKY.GTX,RCK
US09523Q2003,Blue Apron Holdings Inc,13WA.GTX,13WA
US17306X1028,Citi Trends Inc,CTRN.GTX,WW2
US5768101058,Matinas BioPharma Holdings Inc,6LJ.GTX,6LJ
US74019P1084,Precision BioSciences Inc,PBS.GTX,PBS
US8321542073,Smith Micro Software Inc,SS91.GTX,SS91
US28238P1093,eHealth Inc,M5V.GTX,M5V
US38068T1051,Gold Resource Corp,GORO.GTX,GIH
US10501E2019,Brainstorm Cell Therapeutics Inc,GHDN.GTX,GHDN
US71535D1063,Personalis Inc,04X.GTX,04X
US85916J4094,Stereotaxis Inc,RJR1.GTX,RJR1
US05351X1019,Avaya Holdings Corp,1KU.GTX,1KU
CA7142661031,Perpetua Resources Corp,9MIB.GTX,9MIB
US4811161011,Jounce Therapeutics Inc,21J.GTX,21J
US86887Q1094,SuRo Capital Corp,0GV.GTX,0GV
US1404752032,Sonida Senior Living Inc,13C0.GTX,13C0
US92511W1080,Verrica Pharmaceuticals Inc,1NE.GTX,1NE
US0323325045,Amtech Systems Inc,ASYS.GTX,AS3
US9837FR1002,XL Fleet Corp,XLFG.GTX,XLF
US7479065010,Quantum Corp,QNT2.GTX,QNT2
US87241J1043,TFF Pharmaceuticals Inc,0K3.GTX,0K3
US68622P1093,Oric Pharmaceuticals Inc,4TZ.GTX,4TZ
US0301112076,American Superconductor Corp,AMS1.GTX,AMS1
US53228T1016,Lightning eMotors Inc,9LK1.GTX,9LK1
US14070B3096,Capricor Therapeutics Inc,4LN2.GTX,4LN2
US6904691010,Ovid Therapeutics Inc,1OT.GTX,1OT
US86738R1086,Sunhydrogen Inc,1H3.GTX,1H3
US92854B1098,Vivani Medical Inc,U5P.GTX,U5P
US34984V2097,Forum Energy Technologies Inc,1FE1.GTX,1FE1
GB00BF3DT583,Polarean Imaging PLC,8ZF.GTX,8ZF
US07373B1098,Beam Global,16NA.GTX,16NA
US6993743029,Paratek Pharmaceuticals Inc,N4CN.GTX,N4CN
US30041T1043,Everspin Technologies Inc,E5N.GTX,E5N
US9004502061,Turtle Beach Corp,0P15.GTX,0P1A
US0012285013,AG Mortgage Investment Trust Inc,8AGA.GTX,8AGA
US90338N2027,US Xpress Enterprises Inc,7S3.GTX,7S3
US71948P1003,Phunware Inc,2RJ.GTX,2RJ
US03615A1088,Annovis Bio Inc,07X.GTX,07X
US21900C3088,CorMedix Inc,19KA.GTX,19KA
US8106481059,scPharmaceuticals Inc,2SX.GTX,2SX
US83417L1061,SolarWindow Technologies Inc,2N0N.GTX,2N0N
US8733791011,Tabula Rasa HealthCare Inc,43T.GTX,43T
US04367G1031,Asensus Surgical Inc,2TX.GTX,2TX
US21676P1030,Cooper-Standard Holdings Inc,C31.GTX,C31
US84763A1088,Spectrum Pharmaceuticals Inc,NTR.GTX,NTR
US15870P3073,Champions Oncology Inc,2I3.GTX,2I3
US9467601053,Wayside Technology Group Inc,WSTH.GTX,PYA
US3952591044,Greenhill & Co Inc,GHL.GTX,GH3
US86803X2045,Sunworks Inc,7SL2.GTX,7SL2
US74319F1075,Biora Therapeutics Inc,4ZU.GTX,4ZU
CA98400H1029,XBiotech Inc,4XB.GTX,4XB
US4169061052,Harvard Bioscience Inc,HBIO.GTX,HBI
US13200M5085,Camber Energy Inc,58L5.GTX,58L5
US81577F1093,Seelos Therapeutics Inc,NXEG.GTX,NXEN
US44888K2096,Hydrofarm Holdings Group Inc,5TUA.GTX,5TUA
US75689M1018,Red Robin Gourmet Burgers Inc,RRGB.GTX,RRN
US5006001011,Kopin Corp,KOPN.GTX,KOC
US2941001024,Enzo Biochem Inc,ENZ.GTX,EZB
US04962H5063,Atossa Therapeutics Inc,YAG2.GTX,YAG2
US87157B1035,Synchronoss Technologies Inc,H6K.GTX,H6K
US45665G3039,Infinity Pharmaceuticals Inc,INFI.GTX,I3F
US22978P1066,Cue Biopharma Inc,1UC.GTX,1UC
US53952P1012,Lmp Automotive Holdings Inc,0RH.GTX,0RH
US36872P1030,Genasys Inc,G66.GTX,G66
US9183851057,vTv Therapeutics Inc,5VT.GTX,5VT
AU0000208910,Iperionx Ltd,30Z.GTX,30Z
US00773U1088,Adverum Biotechnologies Inc,AVU.GTX,AVU
US3632252025,Galectin Therapeutics Inc,PHPN.GTX,PHPN
US34385P1084,Standard BioTools Inc,FLB.GTX,FLB
US4525EP1011,Immunic Inc,10VA.GTX,10VA
US68235C1071,OncoCyte Corp,7OC.GTX,7OC
US1628281073,Checkpoint Therapeutics Inc,CZTG.GTX,CZT
US65343E1082,NextCure Inc,2US.GTX,2US
US1897631057,Co-Diagnostics Inc,C97.GTX,C97
CA38068N3067,Gold Reserve Inc,GODA.GTX,GODA
US92347D1000,Vericity Inc,2TE.GTX,2TE
US4437872058,Hudson Global Inc,HDH1.GTX,HDH1
US52187K1016,Leap Therapeutics Inc,5MC1.GTX,5MC1
US34960Q1094,Fortress Biotech Inc,CNBG.GTX,CNB
US65441V1017,Nine Energy Service Inc,NEJ.GTX,NEJ
US8681681057,Superior Industries International Inc,SUPN.GTX,SPD
US4380831077,Homology Medicines Inc,35H.GTX,35H
US62856X1028,MyMD Pharmaceuticals Inc,DQS.GTX,DQS
US7207951036,Pieris Pharmaceuticals Inc,PI6.GTX,PI6
US55910K1088,Magenta Therapeutics Inc,3MT.GTX,3MT
US70465T1079,PDS Biotechnology Corp,EU6.GTX,EU6
US1710774076,Chromadex Corp,OCD1.GTX,OCD1
US03823U1025,Applied Optoelectronics Inc,A59.GTX,A59
US72581M3051,Pixelworks Inc,PXLW.GTX,PXLX
CA38238W1032,Goodness Growth Holdings Inc,0ZF0.GTX,0ZF0
US8177631053,Sesen Bio Inc,PCB2.GTX,PCBK
US5117951062,Lakeland Industries Inc,LLI.GTX,LLI
US0453961080,Assembly Biosciences Inc,V7B1.GTX,V7B1
US91532B1017,Uphealth Inc,5XV0.GTX,5XV0
US29272C1036,Energous Corp,116.GTX,116
US1724062096,Cinedigm Corp,IQ51.GTX,IQ51
US45784J1051,Innovate Corp,PST1.GTX,PST
US23130Q1076,CuriosityStream Inc,3QT1.GTX,3QT1
US8112922005,SCYNEXIS Inc,135A.GTX,135A
US4510332038,Ibio Inc,0JVN.GTX,0JVN
US98420U7037,XpresSpa Group Inc,V9G.GTX,V9G
US74837P4054,Quicklogic Corp,QKL1.GTX,QKL1
US8580981061,Steel Connect Inc,CGOB.GTX,CGOB
CA71385D1078,Perimeter Medical Imaging AI Inc,4PC.GTX,4PC
US9038991025,Ultralife Corp,ULBI.GTX,ULB
US0021202025,aTyr Pharma Inc,471A.GTX,471A
US87808K1060,TCR2 Therapeutics Inc,2K7.GTX,2K7
US9896961094,Zion Oil and Gas Inc,ZN.GTX,3QO
US30219E1038,Express Inc,EXPR.GTX,02Z
US67111Q1076,OFS Credit Company Inc,1XK.GTX,1XK
US15957P1057,Charah Solutions Inc,7AR.GTX,7AR
US37892C1062,Glimpse Group Inc,9DR.GTX,9DR
US2620771004,Drive Shack Inc,NCI2.GTX,NCI2
US29446K1060,Equillium Inc,0FY.GTX,0FY
US48253L2051,KLX Energy Services Holdings Inc,KX4A.GTX,KX4A
US14147L1089,Cardiff Oncology Inc,XE7C.GTX,XE7C
US3724461047,Genprex Inc,2DE.GTX,2DE
US36165A1025,GEE Group Inc,4LU.GTX,4LU
US6960775020,Palatin Technologies Inc,PTNG.GTX,PTN
US11161T2078,Broadwind Inc,9IRA.GTX,9IRA
US23283X2062,Cytosorbents Corp,HQE1.GTX,HQE1
US2312692005,Curis Inc,CUSA.GTX,CUSA
US14167R1005,CareCloud Inc,MTB0.GTX,MTB0
US6388423021,Natural Alternatives International Inc,NA2.GTX,NA2
US64131A1051,Neuronetics Inc,NRC1.GTX,NRC
US87166L1008,Synlogic Inc,MINAG.GTX,MINA
US5904791358,Mesa Air Group Inc,M2A.GTX,M2A
US09175M1018,Bitnile Holdings Inc,DP20.GTX,DP20
US04965G1094,Atreca Inc,0C1.GTX,0C1
US53814X1028,LiveOne Inc,3510.GTX,3510
US89421Q2057,Travelzoo,TXM1.GTX,TXM1
US0395871009,Arcimoto Inc,53H.GTX,53H
US68247W1099,One Stop Systems Inc,5MU.GTX,5MU
US58406B1035,MedAvail Holdings Inc,73M0.GTX,73M0
US28252C1099,Polished.Com Inc,5J8.GTX,5J8
US4833791035,Kaleyra Inc,3YK.GTX,3YK
US39959A1060,Upexi Inc,7TQ.GTX,7TQ
US0977021049,Bolt Biotherapeutics Inc,6LP.GTX,6LP
US86877M2098,Surface Oncology Inc,QSOA.GTX,QSOA
US03837J1016,Aqua Metals Inc,AQK.GTX,AQK
US12122L1017,Burgerfi International Inc,0LS.GTX,0LS
US00972D1054,Akebia Therapeutics Inc,AX9.GTX,AX9
US30068X1037,Exagen Inc,E08A.GTX,E08A
US03842K2006,AquaBounty Technologies Inc,W8NB.GTX,W8NB
US88338N2062,TherapeuticsMD Inc,29TA.GTX,29TA
CA9279263037,Vista Gold Corp,VZG.GTX,JEJ
US68559A1097,Orbital Infrastructure Group Inc,CIJ.GTX,CIJ
CA58507M1077,Medmen Enterprises Inc,0JS.GTX,0JS
US9616842061,Westwater Resources Inc,UCCP.GTX,UCCP
US00770C1018,Advanced Emissions Solutions Inc,OXQ1.GTX,OXQ1
US36254L2097,GT Biopharma Inc,OXI.GTX,OXI
US91381U1016,UNITY Biotechnology Inc,9U9.GTX,9U9
US46122W2044,Inuvo Inc,INUV.GTX,CD5N
US01643A2078,Alkaline Water Company Inc,AWJA.GTX,AWJA
CA16106R1091,Charlotte's Web Holdings Inc,6CW.GTX,6CW
US63910B1026,Nautilus Inc,NLS.GTX,DF3
US82452T1079,Shift Technologies Inc,4GI.GTX,4GI
US45674E1091,"IN8BIO, Inc.",6JH.GTX,6JH
US81728A1088,Sensei Biotherapeutics Inc,407.GTX,407
US53224K3023,Lightbridge Corp,N7ON.GTX,N7ON
US1717571079,Cidara Therapeutics Inc,20DG.GTX,20D
US7594191048,Rekor Systems Inc,38E.GTX,38E
US78472M1062,SRAX Inc,19L.GTX,19L
CA92919V4055,Voyager Digital Ltd,UCD.GTX,UCD
US8781551002,Team Inc,TISI.GTX,T9C
US03828A1016,Applied Therapeutics Inc,2UV.GTX,2UV
US2933061069,ENGlobal Corp,4EG.GTX,4EG
US04537Y1091,Aspira Women's Health Inc,CUL1.GTX,CUL1
US6748705067,Ocean Power Technologies Inc,RUOC.GTX,RUOC
US29076N2062,eMagin Corp,EMAN.GTX,EMGA
KYG8651P1101,SPI Energy Co Ltd,7XSP.GTX,7XSP
US01626L1052,Aligos Therapeutics Inc,5WK.GTX,5WK
US6301041074,NantHealth Inc,NEL1.GTX,NEL
US6294441000,NRX Pharmaceuticals Inc,B1QB.GTX,B1QB
US42237K4094,NightHawk Biosciences Inc,1HB.GTX,1HB
US4931441095,Key Tronic Corp,KT1.GTX,KT1
US00848K1016,Ageagle Aerial Systems Inc,29ZA.GTX,29ZA
US6760791060,Odonate Therapeutics Inc,4OD.GTX,4OD
US68236P1075,Oncternal Therapeutics Inc,GTU2.GTX,GTU2
US81642T2096,Sellas Life Sciences Group Inc,RXK3.GTX,RXK3
US6033802058,Minerva Neurosciences Inc,4MNA.GTX,4MNA
US46489V1044,IsoRay Inc,ISRU.GTX,AAJ
US7172241090,PhaseBio Pharmaceuticals Inc,2K4.GTX,2K4
US78116T1034,Rubius Therapeutics Inc,5RT.GTX,5RT
US67577R1023,Ocuphire Pharma Inc,R3X1.GTX,R3X1
US1031971096,Boxlight Corp,2IU.GTX,2IU
US3811191069,Golden Minerals Co,AUM.GTX,7GB
US4268971045,Hepion Pharmaceuticals Inc,336P.GTX,336P
US98923T1043,Zedge Inc,34Z.GTX,34Z
US33939J3032,FlexShopper Inc,9FL.GTX,9FL
US66988N2053,Novan Inc,6LUA.GTX,6LUA
US0077441055,AeroClean Technologies Inc,9O6.GTX,9O6
US44052W1045,Horizon Global Corp,2H6.GTX,2H6
US98986X1090,Zynerba Pharmaceuticals Inc,6ZY.GTX,6ZY
US87184Q2066,Syros Pharmaceuticals Inc,0S90.GTX,0S90
US74365U1079,Protara Therapeutics Inc,1KPA.GTX,1KPA
US8723861071,TESSCO Technologies Inc,TT5.GTX,TT5
CA00489Y7090,Acreage Holdings Inc,0VZ2.GTX,0VZ2
US0044685008,Achieve Life Sciences Inc,SP4P.GTX,SP4P
US59503A2042,Microbot Medical Inc,CY9D.GTX,CY9D
US9221071072,Vapotherm Inc,VA21.GTX,VA21
US73102V1052,Polar Power Inc,PPW.GTX,PPW
US1280583022,Lisata Therapeutics Inc,8NE.GTX,8NE
US00547W2089,Adamis Pharmaceuticals Corp,CY3B.GTX,CY3B
US3595231073,Fuel Tech Inc,FUET.GTX,FUE1
US00510M1045,Acurx Pharmaceuticals Inc,3ZO.GTX,3ZO
US04685N1037,Athenex Inc,2MT.GTX,2MT
US83600C1036,Sotherly Hotels Inc,MCL.GTX,MCL
US2210151005,Corvus Pharmaceuticals Inc,C17.GTX,C17
US30162V7064,Exela Technologies Inc,0Z10.GTX,0Z10
US2057503003,Comstock Inc,GSPG.GTX,GSP
US89853L1044,T2 Biosystems Inc,3T2.GTX,3T2
CA3007632084,Excelsior Mining Corp,3XS.GTX,3XS
CA71678B1076,Petroteq Energy Inc,PQCF.GTX,PQCF
US14067D5086,Capstone Green Energy Corp,TBN2.GTX,TBN2
US28531P1030,"electroCore, Inc.",43E.GTX,43E
US36117V1052,Future Fintech Group Inc,P9F1.GTX,P9F1
US4612031017,Invacare Corp,IVC.GTX,IV3
US41358P1066,Harpoon Therapeutics Inc,5HT.GTX,5HT
US00444T1007,AcelRx Pharmaceuticals Inc,ACRX.GTX,R5X
US0740141017,Beasley Broadcast Group Inc,BZSa.GTX,BZS
US05338F2074,Avalo Therapeutics Inc,C6K.GTX,C6K
US38000Q1022,GlycoMimetics Inc,GKOG.GTX,GKO
US75955K1025,Remark Holdings Inc,3SWN.GTX,3SWN
US60855D2009,Moleculin Biotech Inc,MOLG.GTX,MOLA
US75605L7082,RealNetworks Inc,RNWA.GTX,RNWA
US02116A1043,Alset Ehome International Inc,42A0.GTX,42A0
US4652461066,iSun Inc,4U1A.GTX,4U1A
US00211Y5069,ARCA Biopharma Inc,HQ10.GTX,HQ10
US57055L1070,Marker Therapeutics Inc,GX1N.GTX,GX1N
US89532E1091,Trevena Inc,6T4.GTX,6T4
US74039M2008,Predictive Oncology Inc,S1K2.GTX,S1K2
US9307521008,Waitr Holdings Inc,1OW.GTX,1OW
US03476J1079,Angion Biomedica Corp,5YX.GTX,5YX
US86260J1025,Stran & Company Inc,S9H.GTX,S9H
US19188J3005,Cocrystal Pharma Inc,8CC1.GTX,8CC1
US1920101060,"Codiak BioSciences, Inc.",32W.GTX,32W
US6840233026,Oragenics Inc,UAVG.GTX,UAVP
US84833T1034,Spero Therapeutics Inc,2HA.GTX,2HA
US00901B1052,AIM ImmunoTech Inc,HXB2.GTX,HXB2
IE0009BOA4C9,Kalera PLC,Z1G.GTX,Z1G
US8902608624,Tonix Pharmaceuticals Holding Corp,TPMG.GTX,TPM
US98978N2009,Zivo Bioscience Inc,9R8.GTX,9R8
US03890D1081,Aravive Inc,VE11.GTX,VE11
US86804F2020,"Super League Gaming, Inc.",8LG.GTX,8LG
CA9035104020,UGE International Ltd,0UG1.GTX,0UG1
US09610B1089,Blue Water Vaccines Inc,J4T.GTX,J4T
US0547481087,AYRO Inc,WR4F.GTX,WR4F
US89157G8841,Toughbuilt Industries Inc,36Q.GTX,36Q
US3736785078,GeoVax Labs Inc,E8L.GTX,E8L
US15117F8077,Cellectar Biosciences Inc,NV4.GTX,NV4
US89689F3055,Troika Media Group Inc,IJ2.GTX,IJ2
US2826443010,Ekso Bionics Holdings Inc,23E2.GTX,2.30E+03
US34962G1094,Forte Biosciences Inc,37TA.GTX,37TA
US45408X3089,India Globalization Capital Inc,IGS1.GTX,IGS1
US8342233074,Soligenix Inc,DOA2.GTX,DOA2
US28202V1089,eFFECTOR Therapeutics Inc,LWK1.GTX,LWK1
US83548F2002,Sonim Technologies Inc,2W9A.GTX,2W9A
US09077D1000,Biofrontera Inc,AI1G.GTX,AI1
US21833P1030,Corbus Pharmaceuticals Holdings Inc,337.GTX,337
US8116991071,SeaChange International Inc,SEAC.GTX,SI2
US5160121019,Lannett Company Inc,LCIT.GTX,LN5
US42309B2043,Helbiz Inc,GR90.GTX,GR90
US7091028008,Pennsylvania Real Estate Investment Trust,WX3A.GTX,WX3A
US00848H1086,AgeX Therapeutics Inc,0X4.GTX,0X4
US45719W1062,Inhibikase Therapeutics Inc,IQT.GTX,IQT
US44916T1079,HyreCar Inc,8HY.GTX,8HY
US03815U3005,Applied DNA Sciences Inc,UDJP.GTX,UDJP
US68234L3069,OncoSec Medical Inc,ONM2.GTX,ONM2
US45168K4058,Idera Pharmaceuticals Inc,HXXB.GTX,HXXB
US47010C6075,Jaguar Health Inc,1JA.GTX,1JA
US6412558073,NeuroMetrix Inc,NLZ.GTX,NLZ
US68232V8019,Onconova Therapeutics Inc,0T2.GTX,0T2
US4831191030,Kala Pharmaceuticals Inc,27F.GTX,27F
US21077P1084,Context Therapeutics Inc,6K9.GTX,6K9
US68373L3078,OpGen Inc,6502G.GTX,6502
CA45790Y1043,Intellabridge Technology Corp,KASH.GTX,KASH
US74019L5030,Precipio Inc,TGKQ.GTX,TGKQ
US45790J8009,Inpixon,1XS4.GTX,1XS4
US61023L1089,Monopar Therapeutics Inc,1IY.GTX,1IY
US6300873022,NanoViricides Inc,NV3P.GTX,NV3P
US03828V1052,Applied UV Inc,5XJ.GTX,5XJ
US05581M4042,BTCS Inc,BICG.GTX,BIC
US00213H1059,ARC Group Worldwide Inc,ZZ7BG.GTX,ZZ7B
US5368041076,Lithium Corp,LTUM.GTX,L4T
US68620A2033,Organovo Holdings Inc,4OR1.GTX,4OR1
US87164U4094,Synthetic Biologics Inc,SFYG.GTX,SFY
US36930V1008,Trees Corp,7A7.GTX,7A7
US92942V1098,Vyant Bio Inc,1C8.GTX,1C8
US1847911013,Clearday Inc,ST7.GTX,ST7
US0909114052,BIOLASE Inc,BTHG.GTX,BTH
US83368E2000,Socket Mobile Inc,SCKT.GTX,SNB1
US03209T1097,Ampio Pharmaceuticals Inc,AMPP.GTX,APH
US23254L6039,Cyclacel Pharmaceuticals Inc,UXI4.GTX,UXI4
GB00BD3VDH82,VivoPower International PLC,51J.GTX,51J
US03835L2079,Aptevo Therapeutics Inc,AP8N.GTX,AP8N
US04744L2051,Athersys Inc,4LSA.GTX,4LSA
US00808Y3071,Aethlon Medical Inc,EJU.GTX,EJU
US9675902095,WidePoint Corp,ZMX1.GTX,ZMX1
US4448632038,Humanigen Inc,0KB2.GTX,0KB2
US03820J1007,Applied Genetic Technologies Corp,2GT.GTX,2GT
US8883146065,Titan Pharmaceuticals Inc,TN7.GTX,TN7
US68906L1052,Otonomy Inc,7OT.GTX,7OT
US85513Q1031,Star Equity Holdings Inc,FDVG.GTX,FDV
US0390142042,Arcadia Biosciences Inc,17DN.GTX,17DN
US8342033094,Soleno Therapeutics Inc,6XC.GTX,6XC
US72941H4002,Plus Therapeutics Inc,XMPA.GTX,XMPA
US41150T1088,Harbor Custom Development Inc,5EI.GTX,5EI
US67073S2086,NuZee Inc,5UQ.GTX,5UQ
US89904V1017,Tuesday Morning Corp,TDM0.GTX,TDM0
US7743743004,Rockwell Medical Inc,RWMA.GTX,RWMA
US6833731044,Ontrak Inc,HY1N.GTX,HY1N
US69924M1099,Paramount Gold Nevada Corp,P9G.GTX,P9G
US65344D1090,Neximmune Inc,737.GTX,737
US9630257056,Wheeler Real Estate Investment Trust Inc,X4Z.GTX,X4Z
US5020744042,LM Funding America Inc,1YJ.GTX,1YJ
US54570M1080,Lottery.com Inc,6V80.GTX,6V80
US72303P1075,Pineapple Energy Inc,VC91.GTX,VC91
US8870801094,Timber Pharmaceuticals Inc,BPC2.GTX,BPC2
US3953302029,Greenlane Holdings Inc,G67A.GTX,G67A
US09072V5012,Biocept Inc,B003.GTX,B003
US22530J2006,Creative Realities Inc,4U7.GTX,4U7
US74584P3010,Pulmatrix Inc,2PU.GTX,2PU
US29014R1032,Eloxx Pharmaceuticals Inc,397.GTX,397
US15117N6022,Imunon Inc,CBOG.GTX,CBO
US63008J1088,Nanovibronix Inc,56R.GTX,56R
US0547548745,Aytu Biopharma Inc,AY2.GTX,AY2
US42328V6039,Helius Medical Technologies Inc,26HA.GTX,26HA
US79400X1072,Salarius Pharmaceuticals Inc,FP11.GTX,FP11
US74365N1037,Protagenic Therapeutics Inc,MBPC.GTX,MBPC
US92346X2062,VerifyMe Inc,LT1B.GTX,LT1B
US74754R1032,Qualigen Therapeutics Inc,7R9B.GTX,7R9B
US0038303048,Abraxas Petroleum Corp,AXOA.GTX,AXOA
US0787713009,Bellerophon Therapeutics Inc,6L7A.GTX,6L7A
US54142F1021,LogicBio Therapeutics Inc,0IF.GTX,0IF
US5393192027,Lixte Biotechnology Holdings Inc,864.GTX,864
US8293923079,SINTX Technologies Inc,111N.GTX,111N
US6025661017,Mind Technology Inc,MI7.GTX,MI7
US49720K1016,Kintara Therapeutics Inc,3DM.GTX,3DM
US8265985007,Sigma Additive Solutions Inc,0223G.GTX,223
US40145Q4010,Guardion Health Sciences Inc,0QT0G.GTX,0QT0
US67091J4040,LogicMark Inc,0NIA.GTX,0NIA
US86633R2031,WiSA Technologies Inc,SUE1.GTX,SUE1
US6963891055,Palisade Bio Inc,7NSA.GTX,7NSA
US9840155033,Xenetic Biosciences Inc,3XB.GTX,3XB
US46062X3035,Interpace Biosciences Inc,PF42.GTX,PF42
US78396V1098,Scworx Corp,4R8.GTX,4R8
CA6936971044,Psybio Therapeutics Corp,PSYB.GTX,PSYB
US30205M2008,Exicure Inc,2H0A.GTX,2H0A
US2123263004,ContraFect Corp,22R1.GTX,22R1
US87185L2060,Sysorex Inc,4SXA.GTX,4SXA
US29405E2081,Enveric Biosciences Inc,SLZA.GTX,SLZA
US63937X2027,Navidea Biopharmaceuticals Inc,NO1A.GTX,NO1A
IM00BMT7S123,Eros Media World PLC,E1O.GTX,E1O
US76090R1014,ReShape Lifesciences Inc,24O.GTX,24O
US00484M6012,Acorda Therapeutics Inc,CDG0.GTX,CDG0
CA89465L1040,Treatment.com International Inc,939.GTX,939
US40434H2031,HTG Molecular Diagnostics Inc,65HA.GTX,65HA
US47089W1045,Janone Inc,5AR1.GTX,5AR1
US30049G2030,Evoke Pharma Inc,EV00.GTX,EV00
US74933X2036,Ra Medical Systems Inc,4RMA.GTX,4RMA
US62014P4054,Motus GI Holdings Inc,7M40.GTX,7M40
US82452L3024,ShiftPixy Inc,19U.GTX,19U
US89237L1017,Track Group Inc,G7F2.GTX,G7F2
US78112T2069,Rubicon Technology Inc,39YA.GTX,39YA
CA3613331071,G6 Materials Corp,G31.GTX,G31
US46186M6057,InVivo Therapeutics Holdings Corp,04I.GTX,04I
US66987P2011,NovaBay Pharmaceuticals Inc,B9PA.GTX,B9PA
US4858371085,Kaspien Holdings Inc,TWDA.GTX,TWDA
US36151G1058,Gbs Inc,12Q0.GTX,12Q0
US49721T1016,Kiora Pharmaceuticals Inc,7EY.GTX,7EY
US0192222075,Allied Healthcare Products Inc,AWI1.GTX,AWI1
US29268T4094,Energy Focus Inc,FI4.GTX,FI4
US15130G6008,Cemtrex Inc,C42A.GTX,C42A
CA4238211078,Hempfusion Wellness Inc,8OO.GTX,8OO
CA64067L1094,Nepra Foods Inc,2P6.GTX,2P6
US10802T2042,Fresh Tracks Therapeutics Inc,VCCG.GTX,VCC
US7310942070,PolarityTE Inc,NJT.GTX,NJT
US4976341051,Kiromic Biopharma Inc,5JU.GTX,5JU
US88032L2097,Tenax Therapeutics Inc,YBOC.GTX,YBOC
US0076244062,Advaxis Inc,FADG.GTX,FAD
US13764M2098,CNBX Pharmaceuticals Inc,8C80.GTX,8C80
US0248701072,American Cannabis Company Inc,NW8N.GTX,NW8N
US22766K1034,Crossroads Impact Corp,CS9G.GTX,CS9
US45245S1087,ImageWare Systems Inc,IGWG.GTX,IGW
CA76151T1030,Revitalist Lifestyle and Wellness Ltd,4DO.GTX,4DO
US09074B1070,Renovare Environmental Inc,46Q.GTX,46Q
US08205P1003,Benitec Biopharma Inc,BJ93.GTX,BJ93
US33749P2002,First Wave BioPharma Inc,366.GTX,366
US9875372065,Youngevity International Inc,2OV.GTX,2OV
CA1266321084,CVR Medical Corp,B3BN.GTX,B3BN
US3724274010,Genocea Biosciences Inc,GBI1.GTX,GBI1
CA7815861025,Running Fox Resource Corp,RUN.GTX,C8Q
US04238R1068,Armstrong Flooring Inc,2AS.GTX,2AS
US4620442073,ION Geophysical Corp,IO8N.GTX,IO8N
US87960W2035,Teligent Inc (NEW JERSEY),0IG1.GTX,0IGA
US13000N1028,Caliber Home Loans Inc,C50G.GTX,C50
CA87270T1066,TPCO Holding Corp,6XZ.GTX,6XZ
US76240R1005,Rhodium Enterprises Inc,X26.GTX,X26
CA1973091079,Columbia Care Inc,3LP.GTX,3LP
